"work_year","experience_level","employment_type","job_title","salary","salary_currency","salary_in_usd","employee_residence","remote_ratio","company_location","company_size","log_salary","job_category","exp_level_ord","company_size_ord","location_group","residence_group","job_cat_Data_Engineer","job_cat_Data_Scientist","job_cat_Management_Lead","job_cat_ML_AI_Engineer","job_cat_Other","job_cat_Research","empl_CT","empl_FL","empl_PT","loc_CA","loc_DE","loc_ES","loc_FR","loc_GB","loc_IN","loc_US","res_CA","res_DE","res_ES","res_FR","res_GB","res_IN","res_US","is_local","salary_in_usd_scaled","log_salary_scaled","remote_ratio_scaled","exp_level_ord_scaled","company_size_ord_scaled"
2020,"MI","FT","Data Scientist",70000,"EUR",79833,"DE",0,"DE","L",11.2876922317909,"Data_Scientist",2,3,"DE","DE",0,1,0,0,0,0,0,0,0,0,1,0,0,0,0,0,0,1,0,0,0,0,0,1,-0.425803045267021,-0.105115735112136,-1.70929989487233,-0.459110077996058,1.19928162061945
2020,"SE","FT","Machine Learning Scientist",260000,"USD",260000,"JP",0,"JP","S",12.4684369099977,"ML_AI_Engineer",3,1,"Other","Other",0,0,0,1,0,0,0,0,0,0,0,0,0,0,0,0,0,0,0,0,0,0,0,1,2.06679861798338,1.38890895344803,-1.70929989487233,0.79401646339415,-1.78571448356553
2020,"SE","FT","Big Data Engineer",85000,"GBP",109024,"GB",50,"GB","M",11.5993233204607,"Data_Engineer",3,2,"GB","GB",1,0,0,0,0,0,0,0,0,0,0,0,0,1,0,0,0,0,0,0,1,0,0,1,-0.0219469831027931,0.289198589389086,-0.486825919425663,0.79401646339415,-0.293216431473038
2020,"MI","FT","Product Data Analyst",20000,"USD",20000,"HN",0,"HN","S",9.90348755253613,"Data_Analyst",2,1,"Other","Other",0,0,0,0,0,0,0,0,0,0,0,0,0,0,0,0,0,0,0,0,0,0,0,1,-1.25358968387043,-1.85658326488162,-1.70929989487233,-0.459110077996058,-1.78571448356553
2020,"SE","FT","Machine Learning Engineer",150000,"USD",150000,"US",50,"US","L",11.9183905730784,"ML_AI_Engineer",3,3,"US","US",0,0,0,1,0,0,0,0,0,0,0,0,0,0,0,1,0,0,0,0,0,0,1,1,0.544953979633715,0.692922071290266,-0.486825919425663,0.79401646339415,1.19928162061945
2020,"EN","FT","Data Analyst",72000,"USD",72000,"US",100,"US","L",11.1844213979982,"Data_Analyst",1,3,"US","US",0,0,0,0,0,0,0,0,0,0,0,0,0,0,0,1,0,0,0,0,0,0,1,1,-0.534172218468775,-0.235786809174381,0.735648056021002,-1.71223661938627,1.19928162061945
2020,"SE","FT","Lead Data Scientist",190000,"USD",190000,"US",100,"US","S",12.1547793511426,"Management_Lead",3,1,"US","US",0,0,1,0,0,0,0,0,0,0,0,0,0,0,0,1,0,0,0,0,0,0,1,1,1.09835202994268,0.992030487398408,0.735648056021002,0.79401646339415,-1.78571448356553
2020,"MI","FT","Data Scientist",11000000,"HUF",35735,"HU",50,"HU","L",10.4838858796541,"Data_Scientist",2,3,"Other","Other",0,1,0,0,0,0,0,0,0,0,0,0,0,0,0,0,0,0,0,0,0,0,0,1,-1.03589672583014,-1.12219127826669,-0.486825919425663,-0.459110077996058,1.19928162061945
2020,"MI","FT","Business Data Analyst",135000,"USD",135000,"US",100,"US","L",11.8130300574206,"Data_Analyst",2,3,"US","US",0,0,0,0,0,0,0,0,0,0,0,0,0,0,0,1,0,0,0,0,0,0,1,1,0.337429710767851,0.559606872418236,0.735648056021002,-0.459110077996058,1.19928162061945
2020,"SE","FT","Lead Data Engineer",125000,"USD",125000,"NZ",50,"NZ","S",11.7360690162844,"Management_Lead",3,1,"Other","Other",0,0,1,0,0,0,0,0,0,0,0,0,0,0,0,0,0,0,0,0,0,0,0,1,0.199080198190609,0.46222621287607,-0.486825919425663,0.79401646339415,-1.78571448356553
2020,"EN","FT","Data Scientist",45000,"EUR",51321,"FR",0,"FR","S",10.8458553041204,"Data_Scientist",1,1,"FR","FR",0,1,0,0,0,0,0,0,0,0,0,0,1,0,0,0,0,0,0,1,0,0,0,1,-0.820265175527254,-0.664182644700001,-1.70929989487233,-1.71223661938627,-1.78571448356553
2020,"MI","FT","Data Scientist",3000000,"INR",40481,"IN",0,"IN","L",10.6085880072135,"Data_Scientist",2,3,"IN","IN",0,1,0,0,0,0,0,0,0,0,0,0,0,0,1,0,0,0,0,0,0,1,0,1,-0.970236047160984,-0.964402671865549,-1.70929989487233,-0.459110077996058,1.19928162061945
2020,"EN","FT","Data Scientist",35000,"EUR",39916,"FR",0,"FR","M",10.5945325250042,"Data_Scientist",1,2,"FR","FR",0,1,0,0,0,0,0,0,0,0,0,0,1,0,0,0,0,0,0,1,0,0,0,1,-0.978052794621598,-0.982187412138314,-1.70929989487233,-1.71223661938627,-0.293216431473038
2020,"MI","FT","Lead Data Analyst",87000,"USD",87000,"US",100,"US","L",11.3736633976367,"Management_Lead",2,3,"US","US",0,0,1,0,0,0,0,0,0,0,0,0,0,0,0,1,0,0,0,0,0,0,1,1,-0.326647949602911,0.00366565230260659,0.735648056021002,-0.459110077996058,1.19928162061945
2020,"MI","FT","Data Analyst",85000,"USD",85000,"US",100,"US","L",11.3504065354725,"Data_Analyst",2,3,"US","US",0,0,0,0,0,0,0,0,0,0,0,0,0,0,0,1,0,0,0,0,0,0,1,1,-0.35431785211836,-0.0257618157124323,0.735648056021002,-0.459110077996058,1.19928162061945
2020,"MI","FT","Data Analyst",8000,"USD",8000,"PK",50,"PK","L",8.98719682066197,"Data_Analyst",2,3,"Other","Other",0,0,0,0,0,0,0,0,0,0,0,0,0,0,0,0,0,0,0,0,0,0,0,1,-1.41960909896312,-3.01598800376046,-0.486825919425663,-0.459110077996058,1.19928162061945
2020,"EN","FT","Data Engineer",4450000,"JPY",41689,"JP",100,"JP","S",10.6379925840196,"Data_Engineer",1,1,"Other","Other",1,0,0,0,0,0,0,0,0,0,0,0,0,0,0,0,0,0,0,0,0,0,0,1,-0.953523426041653,-0.927196352399678,0.735648056021002,-1.71223661938627,-1.78571448356553
2020,"SE","FT","Big Data Engineer",100000,"EUR",114047,"PL",100,"GB","S",11.644365923114,"Data_Engineer",3,1,"GB","Other",1,0,0,0,0,0,0,0,0,0,0,0,0,1,0,0,0,0,0,0,0,0,0,0,0.0475459770647556,0.346192079720396,0.735648056021002,0.79401646339415,-1.78571448356553
2020,"EN","FT","Data Science Consultant",423000,"INR",5707,"IN",50,"IN","M",8.64944877053671,"Other",1,2,"IN","IN",0,0,0,0,1,0,0,0,0,0,0,0,0,0,1,0,0,0,0,0,0,1,0,1,-1.45133264219709,-3.4433487488172,-0.486825919425663,-1.71223661938627,-0.293216431473038
2020,"MI","FT","Lead Data Engineer",56000,"USD",56000,"PT",100,"US","M",10.9331069697173,"Management_Lead",2,2,"US","Other",0,0,1,0,0,0,0,0,0,0,0,0,0,0,0,1,0,0,0,0,0,0,0,0,-0.755531438592362,-0.553781010099605,0.735648056021002,-0.459110077996058,-0.293216431473038
2020,"MI","FT","Machine Learning Engineer",299000,"CNY",43331,"CN",0,"CN","M",10.676623593166,"ML_AI_Engineer",2,2,"Other","Other",0,0,0,1,0,0,0,0,0,0,0,0,0,0,0,0,0,0,0,0,0,0,0,1,-0.93080643607647,-0.878315605804803,-1.70929989487233,-0.459110077996058,-0.293216431473038
2020,"MI","FT","Product Data Analyst",450000,"INR",6072,"IN",100,"IN","L",8.71144331907547,"Data_Analyst",2,3,"IN","IN",0,0,0,0,0,0,0,0,0,0,0,0,0,0,1,0,0,0,0,0,0,1,0,1,-1.44628288498802,-3.36490555294041,0.735648056021002,-0.459110077996058,1.19928162061945
2020,"SE","FT","Data Engineer",42000,"EUR",47899,"GR",50,"GR","L",10.7768499063544,"Data_Engineer",3,3,"Other","Other",1,0,0,0,0,0,0,0,0,0,0,0,0,0,0,0,0,0,0,0,0,0,0,1,-0.867608378731186,-0.751496837013752,-0.486825919425663,0.79401646339415,1.19928162061945
2020,"MI","FT","BI Data Analyst",98000,"USD",98000,"US",0,"US","M",11.4927227576527,"Data_Analyst",2,2,"US","US",0,0,0,0,0,0,0,0,0,0,0,0,0,0,0,1,0,0,0,0,0,0,1,1,-0.174463485767945,0.154314328981984,-1.70929989487233,-0.459110077996058,-0.293216431473038
2020,"MI","FT","Lead Data Scientist",115000,"USD",115000,"AE",0,"AE","L",11.6526874073454,"Management_Lead",2,3,"Other","Other",0,0,1,0,0,0,0,0,0,0,0,0,0,0,0,0,0,0,0,0,0,0,0,1,0.0607306856133668,0.356721454204612,-1.70929989487233,-0.459110077996058,1.19928162061945
2020,"EX","FT","Director of Data Science",325000,"USD",325000,"US",100,"US","L",12.6915804613119,"Management_Lead",4,3,"US","US",0,0,1,0,0,0,0,0,0,0,0,0,0,0,0,1,0,0,0,0,0,0,1,1,2.96607044973545,1.67125786503724,0.735648056021002,2.04714300478436,1.19928162061945
2020,"EN","FT","Research Scientist",42000,"USD",42000,"NL",50,"NL","L",10.6454248972655,"Research",1,3,"Other","Other",0,0,0,0,0,1,0,0,0,0,0,0,0,0,0,0,0,0,0,0,0,0,0,1,-0.949220756200501,-0.917792067385832,-0.486825919425663,-1.71223661938627,1.19928162061945
2020,"SE","FT","Data Engineer",720000,"MXN",33511,"MX",0,"MX","S",10.4196290221244,"Data_Engineer",3,1,"Other","Other",1,0,0,0,0,0,0,0,0,0,0,0,0,0,0,0,0,0,0,0,0,0,0,1,-1.06666565742732,-1.20349702821468,-1.70929989487233,0.79401646339415,-1.78571448356553
2020,"EN","CT","Business Data Analyst",100000,"USD",100000,"US",100,"US","L",11.5129254649702,"Data_Analyst",1,3,"US","US",0,0,0,0,0,0,1,0,0,0,0,0,0,0,0,1,0,0,0,0,0,0,1,1,-0.146793583252496,0.179877301286861,0.735648056021002,-1.71223661938627,1.19928162061945
2020,"SE","FT","Machine Learning Manager",157000,"CAD",117104,"CA",50,"CA","L",11.670817707841,"Management_Lead",3,3,"CA","CA",0,0,1,0,0,0,0,0,0,1,0,0,0,0,0,0,1,0,0,0,0,0,0,1,0.0898394230596186,0.379662160228044,-0.486825919425663,0.79401646339415,1.19928162061945
2020,"MI","FT","Data Engineering Manager",51999,"EUR",59303,"DE",100,"DE","S",10.9904151739254,"Management_Lead",2,1,"DE","DE",0,0,1,0,0,0,0,0,0,0,1,0,0,0,0,0,0,1,0,0,0,0,0,1,-0.709834594588099,-0.481267558610665,0.735648056021002,-0.459110077996058,-1.78571448356553
2020,"EN","FT","Big Data Engineer",70000,"USD",70000,"US",100,"US","L",11.1562505210315,"Data_Engineer",1,3,"US","US",1,0,0,0,0,0,0,0,0,0,0,0,0,0,0,1,0,0,0,0,0,0,1,1,-0.561842120984223,-0.271432098510395,0.735648056021002,-1.71223661938627,1.19928162061945
2020,"SE","FT","Data Scientist",60000,"EUR",68428,"GR",100,"US","L",11.1335373765722,"Data_Scientist",3,3,"US","Other",0,1,0,0,0,0,0,0,0,0,0,0,0,0,0,1,0,0,0,0,0,0,0,0,-0.583590664361366,-0.300171587413776,0.735648056021002,0.79401646339415,1.19928162061945
2020,"MI","FT","Research Scientist",450000,"USD",450000,"US",0,"US","M",13.0170028617465,"Research",2,2,"US","US",0,0,0,0,0,1,0,0,0,0,0,0,0,0,0,1,0,0,0,0,0,0,1,1,4.69543935695098,2.08302266858331,-1.70929989487233,-0.459110077996058,-0.293216431473038
2020,"MI","FT","Data Analyst",41000,"EUR",46759,"FR",50,"FR","L",10.7527620295575,"Data_Analyst",2,3,"FR","FR",0,0,0,0,0,0,0,0,0,0,0,0,1,0,0,0,0,0,0,1,0,0,0,1,-0.883380223164992,-0.781975807864731,-0.486825919425663,-0.459110077996058,1.19928162061945
2020,"MI","FT","Data Engineer",65000,"EUR",74130,"AT",50,"AT","L",11.2135755876508,"Data_Engineer",2,3,"Other","Other",1,0,0,0,0,0,0,0,0,0,0,0,0,0,0,0,0,0,0,0,0,0,0,1,-0.504703772289822,-0.198897310606357,-0.486825919425663,-0.459110077996058,1.19928162061945
2020,"MI","FT","Data Science Consultant",103000,"USD",103000,"US",100,"US","L",11.5424842672118,"Other",2,3,"US","US",0,0,0,0,1,0,0,0,0,0,0,0,0,0,0,1,0,0,0,0,0,0,1,1,-0.105288729479324,0.217278765911885,0.735648056021002,-0.459110077996058,1.19928162061945
2020,"EN","FT","Machine Learning Engineer",250000,"USD",250000,"US",50,"US","L",12.4292161968444,"ML_AI_Engineer",1,3,"US","US",0,0,0,1,0,0,0,0,0,0,0,0,0,0,0,1,0,0,0,0,0,0,1,1,1.92844910540614,1.3392820401657,-0.486825919425663,-1.71223661938627,1.19928162061945
2020,"EN","FT","Data Analyst",10000,"USD",10000,"NG",100,"NG","S",9.21034037197618,"Data_Analyst",1,1,"Other","Other",0,0,0,0,0,0,0,0,0,0,0,0,0,0,0,0,0,0,0,0,0,0,0,1,-1.39193919644768,-2.73363909217125,0.735648056021002,-1.71223661938627,-1.78571448356553
2020,"EN","FT","Machine Learning Engineer",138000,"USD",138000,"US",100,"US","S",11.8350089641393,"ML_AI_Engineer",1,1,"US","US",0,0,0,1,0,0,0,0,0,0,0,0,0,0,0,1,0,0,0,0,0,0,1,1,0.378934564541024,0.587417312618805,0.735648056021002,-1.71223661938627,-1.78571448356553
2020,"MI","FT","Data Scientist",45760,"USD",45760,"PH",100,"US","S",10.7311656260537,"Data_Scientist",2,1,"US","Other",0,1,0,0,0,0,0,0,0,0,0,0,0,0,0,1,0,0,0,0,0,0,0,0,-0.897201339471458,-0.809302257531914,0.735648056021002,-0.459110077996058,-1.78571448356553
2020,"EX","FT","Data Engineering Manager",70000,"EUR",79833,"ES",50,"ES","L",11.2876922317909,"Management_Lead",4,3,"ES","ES",0,0,1,0,0,0,0,0,0,0,0,1,0,0,0,0,0,0,1,0,0,0,0,1,-0.425803045267021,-0.105115735112136,-0.486825919425663,2.04714300478436,1.19928162061945
2020,"MI","FT","Machine Learning Infrastructure Engineer",44000,"EUR",50180,"PT",0,"PT","M",10.8233718199204,"ML_AI_Engineer",2,2,"Other","Other",0,0,0,1,0,0,0,0,0,0,0,0,0,0,0,0,0,0,0,0,0,0,0,1,-0.836050854912317,-0.692631538944141,-1.70929989487233,-0.459110077996058,-0.293216431473038
2020,"MI","FT","Data Engineer",106000,"USD",106000,"US",100,"US","L",11.5711943730942,"Data_Engineer",2,3,"US","US",1,0,0,0,0,0,0,0,0,0,0,0,0,0,0,1,0,0,0,0,0,0,1,1,-0.0637838757061511,0.253606354586411,0.735648056021002,-0.459110077996058,1.19928162061945
2020,"MI","FT","Data Engineer",88000,"GBP",112872,"GB",50,"GB","L",11.634009712293,"Data_Engineer",2,3,"GB","GB",1,0,0,0,0,0,0,0,0,0,0,0,0,1,0,0,0,0,0,0,1,0,0,1,0.0312899093369297,0.333088116660329,-0.486825919425663,-0.459110077996058,1.19928162061945
2020,"EN","PT","ML Engineer",14000,"EUR",15966,"DE",100,"DE","S",9.67821674020574,"ML_AI_Engineer",1,1,"DE","DE",0,0,0,1,0,0,0,0,1,0,1,0,0,0,0,0,0,1,0,0,0,0,0,1,-1.30939987724409,-2.14162385108587,0.735648056021002,-1.71223661938627,-1.78571448356553
2020,"MI","FT","Data Scientist",60000,"GBP",76958,"GB",100,"GB","S",11.2510150974759,"Data_Scientist",2,1,"GB","GB",0,1,0,0,0,0,0,0,0,0,0,0,0,1,0,0,0,0,0,0,1,0,0,1,-0.465578530132978,-0.15152419680895,0.735648056021002,-0.459110077996058,-1.78571448356553
2020,"SE","FT","Data Engineer",188000,"USD",188000,"US",100,"US","L",12.1441972418121,"Data_Engineer",3,3,"US","US",1,0,0,0,0,0,0,0,0,0,0,0,0,0,0,1,0,0,0,0,0,0,1,1,1.07068212742723,0.978640689511809,0.735648056021002,0.79401646339415,1.19928162061945
2020,"MI","FT","Data Scientist",105000,"USD",105000,"US",100,"US","L",11.5617156291397,"Data_Scientist",2,3,"US","US",0,1,0,0,0,0,0,0,0,0,0,0,0,0,0,1,0,0,0,0,0,0,1,1,-0.0776188269638754,0.241612671493012,0.735648056021002,-0.459110077996058,1.19928162061945
2020,"MI","FT","Data Engineer",61500,"EUR",70139,"FR",50,"FR","L",11.1582342663926,"Data_Engineer",2,3,"FR","FR",1,0,0,0,0,0,0,0,0,0,0,0,1,0,0,0,0,0,0,1,0,0,0,1,-0.559919062759399,-0.268922017711318,-0.486825919425663,-0.459110077996058,1.19928162061945
2020,"EN","FT","Data Analyst",450000,"INR",6072,"IN",0,"IN","S",8.71144331907547,"Data_Analyst",1,1,"IN","IN",0,0,0,0,0,0,0,0,0,0,0,0,0,0,1,0,0,0,0,0,0,1,0,1,-1.44628288498802,-3.36490555294041,-1.70929989487233,-1.71223661938627,-1.78571448356553
2020,"EN","FT","Data Analyst",91000,"USD",91000,"US",100,"US","L",11.418614785499,"Data_Analyst",1,3,"US","US",0,0,0,0,0,0,0,0,0,0,0,0,0,0,0,1,0,0,0,0,0,0,1,1,-0.271308144572014,0.0605437263611468,0.735648056021002,-1.71223661938627,1.19928162061945
2020,"EN","FT","AI Scientist",300000,"DKK",45896,"DK",50,"DK","S",10.7341332462817,"ML_AI_Engineer",1,1,"Other","Other",0,0,0,1,0,0,0,0,0,0,0,0,0,0,0,0,0,0,0,0,0,0,0,1,-0.895319786100408,-0.805547256159662,-0.486825919425663,-1.71223661938627,-1.78571448356553
2020,"EN","FT","Data Engineer",48000,"EUR",54742,"PK",100,"DE","L",10.9103865182809,"Data_Engineer",1,3,"DE","Other",1,0,0,0,0,0,0,0,0,0,1,0,0,0,0,0,0,0,0,0,0,0,0,0,-0.772935807274579,-0.582529744697113,0.735648056021002,-1.71223661938627,1.19928162061945
2020,"SE","FL","Computer Vision Engineer",60000,"USD",60000,"RU",100,"US","S",11.0020998412042,"ML_AI_Engineer",3,1,"US","Other",0,0,0,1,0,0,0,1,0,0,0,0,0,0,0,1,0,0,0,0,0,0,0,0,-0.700191633561465,-0.466482667588577,0.735648056021002,0.79401646339415,-1.78571448356553
2020,"SE","FT","Principal Data Scientist",130000,"EUR",148261,"DE",100,"DE","M",11.9067295130956,"Data_Scientist",3,2,"DE","DE",0,1,0,0,0,0,0,0,0,0,1,0,0,0,0,0,0,1,0,0,0,0,0,1,0.520894999396532,0.678167051148576,0.735648056021002,0.79401646339415,-0.293216431473038
2020,"MI","FT","Data Scientist",34000,"EUR",38776,"ES",100,"ES","M",10.5655567775252,"Data_Scientist",2,2,"ES","ES",0,1,0,0,0,0,0,0,0,0,0,1,0,0,0,0,0,0,1,0,0,0,0,1,-0.993824639055404,-1.01885112352497,0.735648056021002,-0.459110077996058,-0.293216431473038
2020,"MI","FT","Data Scientist",118000,"USD",118000,"US",100,"US","M",11.6784399034478,"Data_Scientist",2,2,"US","US",0,1,0,0,0,0,0,0,0,0,0,0,0,0,0,1,0,0,0,0,0,0,1,1,0.102235539386539,0.389306707967931,0.735648056021002,-0.459110077996058,-0.293216431473038
2020,"SE","FT","Data Scientist",120000,"USD",120000,"US",50,"US","L",11.6952470217642,"Data_Scientist",3,3,"US","US",0,1,0,0,0,0,0,0,0,0,0,0,0,0,0,1,0,0,0,0,0,0,1,1,0.129905441901988,0.410573159701056,-0.486825919425663,0.79401646339415,1.19928162061945
2020,"MI","FT","Data Scientist",138350,"USD",138350,"US",100,"US","M",11.8375419852151,"Data_Scientist",2,2,"US","US",0,1,0,0,0,0,0,0,0,0,0,0,0,0,0,1,0,0,0,0,0,0,1,1,0.383776797481227,0.590622405213025,0.735648056021002,-0.459110077996058,-0.293216431473038
2020,"MI","FT","Data Engineer",110000,"USD",110000,"US",100,"US","L",11.6082356447746,"Data_Engineer",2,3,"US","US",1,0,0,0,0,0,0,0,0,0,0,0,0,0,0,1,0,0,0,0,0,0,1,1,-0.00844407067525427,0.300475568064598,0.735648056021002,-0.459110077996058,1.19928162061945
2020,"MI","FT","Data Engineer",130800,"USD",130800,"ES",100,"US","M",11.7814247180052,"Data_Engineer",2,2,"US","ES",1,0,0,0,0,0,0,0,0,0,0,0,0,0,0,1,0,0,1,0,0,0,0,0,0.279322915485409,0.519615875000788,0.735648056021002,-0.459110077996058,-0.293216431473038
2020,"EN","PT","Data Scientist",19000,"EUR",21669,"IT",50,"IT","S",9.98363794671896,"Data_Scientist",1,1,"Other","Other",0,1,0,0,0,0,0,0,1,0,0,0,0,0,0,0,0,0,0,0,0,0,0,1,-1.23049915022129,-1.75516704008961,-0.486825919425663,-1.71223661938627,-1.78571448356553
2020,"SE","FT","Data Scientist",412000,"USD",412000,"US",100,"US","L",12.9287786283317,"Data_Scientist",3,3,"US","US",0,1,0,0,0,0,0,0,0,0,0,0,0,0,0,1,0,0,0,0,0,0,1,1,4.16971120915746,1.97139042049115,0.735648056021002,0.79401646339415,1.19928162061945
2020,"SE","FT","Machine Learning Engineer",40000,"EUR",45618,"HR",100,"HR","S",10.7280576544565,"ML_AI_Engineer",3,1,"Other","Other",0,0,0,1,0,0,0,0,0,0,0,0,0,0,0,0,0,0,0,0,0,0,0,1,-0.899165902550055,-0.813234848872993,0.735648056021002,0.79401646339415,-1.78571448356553
2020,"EN","FT","Data Scientist",55000,"EUR",62726,"DE",50,"DE","S",11.0465313137142,"Data_Scientist",1,1,"DE","DE",0,1,0,0,0,0,0,0,0,0,1,0,0,0,0,0,0,1,0,0,0,0,0,1,-0.662477556432909,-0.410262454951481,-0.486825919425663,-1.71223661938627,-1.78571448356553
2020,"EN","FT","Data Scientist",43200,"EUR",49268,"DE",0,"DE","S",10.8050300620614,"Data_Scientist",1,1,"DE","DE",0,1,0,0,0,0,0,0,0,0,1,0,0,0,0,0,0,1,0,0,0,0,0,1,-0.848668330459362,-0.715839807064066,-1.70929989487233,-1.71223661938627,-1.78571448356553
2020,"SE","FT","Data Science Manager",190200,"USD",190200,"US",100,"US","M",12.1558314290934,"Management_Lead",3,2,"US","US",0,0,1,0,0,0,0,0,0,0,0,0,0,0,0,1,0,0,0,0,0,0,1,1,1.10111902019423,0.993361706976866,0.735648056021002,0.79401646339415,-0.293216431473038
2020,"EN","FT","Data Scientist",105000,"USD",105000,"US",100,"US","S",11.5617156291397,"Data_Scientist",1,1,"US","US",0,1,0,0,0,0,0,0,0,0,0,0,0,0,0,1,0,0,0,0,0,0,1,1,-0.0776188269638754,0.241612671493012,0.735648056021002,-1.71223661938627,-1.78571448356553
2020,"SE","FT","Data Scientist",80000,"EUR",91237,"AT",0,"AT","S",11.4212157955421,"Data_Scientist",3,1,"Other","Other",0,1,0,0,0,0,0,0,0,0,0,0,0,0,0,0,0,0,0,0,0,0,0,1,-0.268029261123934,0.0638348470338323,-1.70929989487233,0.79401646339415,-1.78571448356553
2020,"MI","FT","Data Scientist",55000,"EUR",62726,"FR",50,"LU","S",11.0465313137142,"Data_Scientist",2,1,"Other","FR",0,1,0,0,0,0,0,0,0,0,0,0,0,0,0,0,0,0,0,1,0,0,0,0,-0.662477556432909,-0.410262454951481,-0.486825919425663,-0.459110077996058,-1.78571448356553
2020,"MI","FT","Data Scientist",37000,"EUR",42197,"FR",50,"FR","S",10.6501044074497,"Data_Scientist",2,1,"FR","FR",0,1,0,0,0,0,0,0,0,0,0,0,1,0,0,0,0,0,0,1,0,0,0,1,-0.946495270802729,-0.911870970408149,-0.486825919425663,-0.459110077996058,-1.78571448356553
2021,"EN","FT","Research Scientist",60000,"GBP",82528,"GB",50,"GB","L",11.3208929086811,"Research",1,3,"GB","GB",0,0,0,0,0,1,0,0,0,0,0,0,0,1,0,0,0,0,0,0,1,0,0,1,-0.388517851627454,-0.0631061187519729,-0.486825919425663,-1.71223661938627,1.19928162061945
2021,"EX","FT","BI Data Analyst",150000,"USD",150000,"IN",100,"US","L",11.9183905730784,"Data_Analyst",4,3,"US","IN",0,0,0,0,0,0,0,0,0,0,0,0,0,0,0,1,0,0,0,0,0,1,0,0,0.544953979633715,0.692922071290266,0.735648056021002,2.04714300478436,1.19928162061945
2021,"EX","FT","Head of Data",235000,"USD",235000,"US",100,"US","L",12.3673407931263,"Management_Lead",4,3,"US","US",0,0,1,0,0,0,0,0,0,0,0,0,0,0,0,1,0,0,0,0,0,0,1,1,1.72092483654027,1.26098960110102,0.735648056021002,2.04714300478436,1.19928162061945
2021,"SE","FT","Data Scientist",45000,"EUR",53192,"FR",50,"FR","L",10.8816632880823,"Data_Scientist",3,3,"FR","FR",0,1,0,0,0,0,0,0,0,0,0,0,1,0,0,0,0,0,0,1,0,0,0,1,-0.794379981724052,-0.618873939885105,-0.486825919425663,0.79401646339415,1.19928162061945
2021,"MI","FT","BI Data Analyst",100000,"USD",100000,"US",100,"US","M",11.5129254649702,"Data_Analyst",2,2,"US","US",0,0,0,0,0,0,0,0,0,0,0,0,0,0,0,1,0,0,0,0,0,0,1,1,-0.146793583252496,0.179877301286861,0.735648056021002,-0.459110077996058,-0.293216431473038
2021,"MI","PT","3D Computer Vision Researcher",400000,"INR",5409,"IN",50,"IN","M",8.59581951187143,"ML_AI_Engineer",2,2,"IN","IN",0,0,0,1,0,0,0,0,1,0,0,0,0,0,1,0,0,0,0,0,0,1,0,1,-1.45545545767189,-3.51120714187538,-0.486825919425663,-0.459110077996058,-0.293216431473038
2021,"MI","CT","ML Engineer",270000,"USD",270000,"US",100,"US","L",12.5061772379805,"ML_AI_Engineer",2,3,"US","US",0,0,0,1,0,0,1,0,0,0,0,0,0,0,0,1,0,0,0,0,0,0,1,1,2.20514813056062,1.43666269970787,0.735648056021002,-0.459110077996058,1.19928162061945
2021,"EN","FT","Data Analyst",80000,"USD",80000,"US",100,"US","M",11.289781913656,"Data_Analyst",1,2,"US","US",0,0,0,0,0,0,0,0,0,0,0,0,0,0,0,1,0,0,0,0,0,0,1,1,-0.423492608406981,-0.102471610302351,0.735648056021002,-1.71223661938627,-0.293216431473038
2021,"SE","FT","Data Analytics Engineer",67000,"EUR",79197,"DE",100,"DE","L",11.2796936982972,"Other",3,3,"DE","DE",0,0,0,0,1,0,0,0,0,0,1,0,0,0,0,0,0,1,0,0,0,0,0,1,-0.434602074266933,-0.115236472247313,0.735648056021002,0.79401646339415,1.19928162061945
2021,"MI","FT","Data Engineer",140000,"USD",140000,"US",100,"US","L",11.8493977015914,"Data_Engineer",2,3,"US","US",1,0,0,0,0,0,0,0,0,0,0,0,0,0,0,1,0,0,0,0,0,0,1,1,0.406604467056472,0.605623728779237,0.735648056021002,-0.459110077996058,1.19928162061945
2021,"MI","FT","Applied Data Scientist",68000,"CAD",54238,"GB",50,"CA","L",10.9011370487781,"Data_Scientist",2,3,"CA","GB",0,1,0,0,0,0,0,0,0,1,0,0,0,0,0,0,0,0,0,0,1,0,0,0,-0.779908622708472,-0.594233321302902,-0.486825919425663,-0.459110077996058,1.19928162061945
2021,"MI","FT","Machine Learning Engineer",40000,"EUR",47282,"ES",100,"ES","S",10.7638849523697,"ML_AI_Engineer",2,1,"ES","ES",0,0,0,1,0,0,0,0,0,0,0,1,0,0,0,0,0,0,1,0,0,0,0,1,-0.876144543657202,-0.767901705650115,0.735648056021002,-0.459110077996058,-1.78571448356553
2021,"EX","FT","Director of Data Science",130000,"EUR",153667,"IT",100,"PL","L",11.9425432025057,"Management_Lead",4,3,"Other","Other",0,0,1,0,0,0,0,0,0,0,0,0,0,0,0,0,0,0,0,0,0,0,0,0,0.595686745895789,0.723482975204629,0.735648056021002,2.04714300478436,1.19928162061945
2021,"MI","FT","Data Engineer",110000,"PLN",28476,"PL",100,"PL","L",10.2568169062238,"Data_Engineer",2,3,"Other","Other",1,0,0,0,0,0,0,0,0,0,0,0,0,0,0,0,0,0,0,0,0,0,0,1,-1.13632463700996,-1.40950712103309,0.735648056021002,-0.459110077996058,1.19928162061945
2021,"EN","FT","Data Analyst",50000,"EUR",59102,"FR",50,"FR","M",10.9870200437691,"Data_Analyst",1,2,"FR","FR",0,0,0,0,0,0,0,0,0,0,0,0,1,0,0,0,0,0,0,1,0,0,0,1,-0.712615419790902,-0.485563498594933,-0.486825919425663,-1.71223661938627,-0.293216431473038
2021,"MI","FT","Data Analytics Engineer",110000,"USD",110000,"US",100,"US","L",11.6082356447746,"Other",2,3,"US","US",0,0,0,0,1,0,0,0,0,0,0,0,0,0,0,1,0,0,0,0,0,0,1,1,-0.00844407067525427,0.300475568064598,0.735648056021002,-0.459110077996058,1.19928162061945
2021,"SE","FT","Lead Data Analyst",170000,"USD",170000,"US",100,"US","L",12.0435537160324,"Management_Lead",3,3,"US","US",0,0,1,0,0,0,0,0,0,0,0,0,0,0,0,1,0,0,0,0,0,0,1,1,0.821653004788199,0.8512940115772,0.735648056021002,0.79401646339415,1.19928162061945
2021,"SE","FT","Data Analyst",80000,"USD",80000,"BG",100,"US","S",11.289781913656,"Data_Analyst",3,1,"US","Other",0,0,0,0,0,0,0,0,0,0,0,0,0,0,0,1,0,0,0,0,0,0,0,0,-0.423492608406981,-0.102471610302351,0.735648056021002,0.79401646339415,-1.78571448356553
2021,"SE","FT","Marketing Data Analyst",75000,"EUR",88654,"GR",100,"DK","L",11.3924964317478,"Data_Analyst",3,3,"Other","Other",0,0,0,0,0,0,0,0,0,0,0,0,0,0,0,0,0,0,0,0,0,0,0,0,-0.303764940222635,0.0274955441003875,0.735648056021002,0.79401646339415,1.19928162061945
2021,"EN","FT","Data Science Consultant",65000,"EUR",76833,"DE",100,"DE","S",11.2493895143465,"Other",1,1,"DE","DE",0,0,0,0,1,0,0,0,0,0,1,0,0,0,0,0,0,1,0,0,0,0,0,1,-0.467307899040193,-0.153581086307118,0.735648056021002,-1.71223661938627,-1.78571448356553
2021,"MI","FT","Lead Data Analyst",1450000,"INR",19609,"IN",100,"IN","L",9.88374392349952,"Management_Lead",2,3,"IN","IN",0,0,1,0,0,0,0,0,0,0,0,0,0,0,1,0,0,0,0,0,0,1,0,1,-1.2589991498122,-1.88156535437726,0.735648056021002,-0.459110077996058,1.19928162061945
2021,"SE","FT","Lead Data Engineer",276000,"USD",276000,"US",0,"US","L",12.5281561446993,"Management_Lead",3,3,"US","US",0,0,1,0,0,0,0,0,0,0,0,0,0,0,0,1,0,0,0,0,0,0,1,1,2.28815783810697,1.46447313990844,-1.70929989487233,0.79401646339415,1.19928162061945
2021,"EN","FT","Data Scientist",2200000,"INR",29751,"IN",50,"IN","L",10.3006180238542,"Data_Scientist",1,3,"IN","IN",0,1,0,0,0,0,0,0,0,0,0,0,0,0,1,0,0,0,0,0,0,1,0,1,-1.11868507415637,-1.35408451161185,-0.486825919425663,-1.71223661938627,1.19928162061945
2021,"MI","FT","Cloud Data Engineer",120000,"SGD",89294,"SG",50,"SG","L",11.3996895753576,"Data_Engineer",2,3,"Other","Other",1,0,0,0,0,0,0,0,0,0,0,0,0,0,0,0,0,0,0,0,0,0,0,1,-0.294910571417692,0.0365972020114409,-0.486825919425663,-0.459110077996058,1.19928162061945
2021,"EN","PT","AI Scientist",12000,"USD",12000,"BR",100,"US","S",9.39266192877014,"ML_AI_Engineer",1,1,"US","Other",0,0,0,1,0,0,0,0,1,0,0,0,0,0,0,1,0,0,0,0,0,0,0,0,-1.36426929393223,-2.50294323375705,0.735648056021002,-1.71223661938627,-1.78571448356553
2021,"MI","FT","Financial Data Analyst",450000,"USD",450000,"US",100,"US","L",13.0170028617465,"Data_Analyst",2,3,"US","US",0,0,0,0,0,0,0,0,0,0,0,0,0,0,0,1,0,0,0,0,0,0,1,1,4.69543935695098,2.08302266858331,0.735648056021002,-0.459110077996058,1.19928162061945
2021,"EN","FT","Computer Vision Software Engineer",70000,"USD",70000,"US",100,"US","M",11.1562505210315,"ML_AI_Engineer",1,2,"US","US",0,0,0,1,0,0,0,0,0,0,0,0,0,0,0,1,0,0,0,0,0,0,1,1,-0.561842120984223,-0.271432098510395,0.735648056021002,-1.71223661938627,-0.293216431473038
2021,"MI","FT","Computer Vision Software Engineer",81000,"EUR",95746,"DE",100,"US","S",11.4694541307134,"ML_AI_Engineer",2,1,"US","DE",0,0,0,1,0,0,0,0,0,0,0,0,0,0,0,1,0,1,0,0,0,0,0,0,-0.205647465902855,0.124871974713584,0.735648056021002,-0.459110077996058,-1.78571448356553
2021,"MI","FT","Data Analyst",75000,"USD",75000,"US",0,"US","L",11.2252433925184,"Data_Analyst",2,3,"US","US",0,0,0,0,0,0,0,0,0,0,0,0,0,0,0,1,0,0,0,0,0,0,1,1,-0.492667364695602,-0.184133755999367,-1.70929989487233,-0.459110077996058,1.19928162061945
2021,"SE","FT","Data Engineer",150000,"USD",150000,"US",100,"US","L",11.9183905730784,"Data_Engineer",3,3,"US","US",1,0,0,0,0,0,0,0,0,0,0,0,0,0,0,1,0,0,0,0,0,0,1,1,0.544953979633715,0.692922071290266,0.735648056021002,0.79401646339415,1.19928162061945
2021,"MI","FT","BI Data Analyst",11000000,"HUF",36259,"HU",50,"US","L",10.4984429053295,"Data_Analyst",2,3,"US","Other",0,0,0,0,0,0,0,0,0,0,0,0,0,0,0,1,0,0,0,0,0,0,0,0,-1.0286472113711,-1.10377192296274,-0.486825919425663,-0.459110077996058,1.19928162061945
2021,"MI","FT","Data Analyst",62000,"USD",62000,"US",0,"US","L",11.0348896640272,"Data_Analyst",2,3,"US","US",0,0,0,0,0,0,0,0,0,0,0,0,0,0,0,1,0,0,0,0,0,0,1,1,-0.672521731046017,-0.424992914778117,-1.70929989487233,-0.459110077996058,1.19928162061945
2021,"MI","FT","Data Scientist",73000,"USD",73000,"US",0,"US","L",11.1982147201305,"Data_Scientist",2,3,"US","US",0,1,0,0,0,0,0,0,0,0,0,0,0,0,0,1,0,0,0,0,0,0,1,1,-0.52033726721105,-0.218333786363159,-1.70929989487233,-0.459110077996058,1.19928162061945
2021,"MI","FT","Data Analyst",37456,"GBP",51519,"GB",50,"GB","L",10.849705950652,"Data_Analyst",2,3,"GB","GB",0,0,0,0,0,0,0,0,0,0,0,0,0,1,0,0,0,0,0,0,1,0,0,1,-0.817525855178224,-0.659310328871467,-0.486825919425663,-0.459110077996058,1.19928162061945
2021,"MI","FT","Research Scientist",235000,"CAD",187442,"CA",100,"CA","L",12.1412247432058,"Research",2,3,"CA","CA",0,0,0,0,0,1,0,0,0,1,0,0,0,0,0,0,1,0,0,0,0,0,0,1,1.06296222462542,0.974879515410071,0.735648056021002,-0.459110077996058,1.19928162061945
2021,"SE","FT","Data Engineer",115000,"USD",115000,"US",100,"US","S",11.6526874073454,"Data_Engineer",3,1,"US","US",1,0,0,0,0,0,0,0,0,0,0,0,0,0,0,1,0,0,0,0,0,0,1,1,0.0607306856133668,0.356721454204612,0.735648056021002,0.79401646339415,-1.78571448356553
2021,"SE","FT","Data Engineer",150000,"USD",150000,"US",100,"US","M",11.9183905730784,"Data_Engineer",3,2,"US","US",1,0,0,0,0,0,0,0,0,0,0,0,0,0,0,1,0,0,0,0,0,0,1,1,0.544953979633715,0.692922071290266,0.735648056021002,0.79401646339415,-0.293216431473038
2021,"EN","FT","Data Engineer",2250000,"INR",30428,"IN",100,"IN","L",10.3231185161172,"Data_Engineer",1,3,"IN","IN",1,0,0,0,0,0,0,0,0,0,0,0,0,0,1,0,0,0,0,0,0,1,0,1,-1.10931881215489,-1.32561409665587,0.735648056021002,-1.71223661938627,1.19928162061945
2021,"SE","FT","Machine Learning Engineer",80000,"EUR",94564,"DE",50,"DE","L",11.4570321329297,"ML_AI_Engineer",3,3,"DE","DE",0,0,0,1,0,0,0,0,0,0,1,0,0,0,0,0,0,1,0,0,0,0,0,1,-0.222000378289485,0.109154121639518,-0.486825919425663,0.79401646339415,1.19928162061945
2021,"SE","FT","Director of Data Engineering",82500,"GBP",113476,"GB",100,"GB","M",11.6393466397996,"Management_Lead",3,2,"GB","GB",0,0,1,0,0,0,0,0,0,0,0,0,0,1,0,0,0,0,0,0,1,0,0,1,0.0396462198965951,0.339841059614979,0.735648056021002,0.79401646339415,-0.293216431473038
2021,"SE","FT","Lead Data Engineer",75000,"GBP",103160,"GB",100,"GB","S",11.5440364599953,"Management_Lead",3,1,"GB","GB",0,0,1,0,0,0,0,0,0,0,0,0,0,1,0,0,0,0,0,0,1,0,0,1,-0.103075137278088,0.219242792837239,0.735648056021002,0.79401646339415,-1.78571448356553
2021,"EN","PT","AI Scientist",12000,"USD",12000,"PK",100,"US","M",9.39266192877014,"ML_AI_Engineer",1,2,"US","Other",0,0,0,1,0,0,0,0,1,0,0,0,0,0,0,1,0,0,0,0,0,0,0,0,-1.36426929393223,-2.50294323375705,0.735648056021002,-1.71223661938627,-0.293216431473038
2021,"MI","FT","Data Engineer",38400,"EUR",45391,"NL",100,"NL","L",10.7230691264923,"Data_Engineer",2,3,"Other","Other",1,0,0,0,0,0,0,0,0,0,0,0,0,0,0,0,0,0,0,0,0,0,0,1,-0.902306436485558,-0.819546953492825,0.735648056021002,-0.459110077996058,1.19928162061945
2021,"EN","FT","Machine Learning Scientist",225000,"USD",225000,"US",100,"US","L",12.3238556811866,"ML_AI_Engineer",1,3,"US","US",0,0,0,1,0,0,0,0,0,0,0,0,0,0,0,1,0,0,0,0,0,0,1,1,1.58257532396303,1.20596684129367,0.735648056021002,-1.71223661938627,1.19928162061945
2021,"MI","FT","Data Scientist",50000,"USD",50000,"NG",100,"NG","L",10.8197782844103,"Data_Scientist",2,3,"Other","Other",0,1,0,0,0,0,0,0,0,0,0,0,0,0,0,0,0,0,0,0,0,0,0,1,-0.838541146138707,-0.697178526002772,0.735648056021002,-0.459110077996058,1.19928162061945
2021,"MI","FT","Data Science Engineer",34000,"EUR",40189,"GR",100,"GR","M",10.6013486053223,"Data_Engineer",2,2,"Other","Other",1,0,0,0,0,0,0,0,0,0,0,0,0,0,0,0,0,0,0,0,0,0,0,1,-0.97427585292824,-0.973562861494645,0.735648056021002,-0.459110077996058,-0.293216431473038
2021,"EN","FT","Data Analyst",90000,"USD",90000,"US",100,"US","S",11.4075649493124,"Data_Analyst",1,1,"US","US",0,0,0,0,0,0,0,0,0,0,0,0,0,0,0,1,0,0,0,0,0,0,1,1,-0.285143095829739,0.0465621024148284,0.735648056021002,-1.71223661938627,-1.78571448356553
2021,"MI","FT","Data Engineer",200000,"USD",200000,"US",100,"US","L",12.2060726455302,"Data_Engineer",2,3,"US","US",1,0,0,0,0,0,0,0,0,0,0,0,0,0,0,1,0,0,0,0,0,0,1,1,1.23670154251993,1.05693312857649,0.735648056021002,-0.459110077996058,1.19928162061945
2021,"MI","FT","Big Data Engineer",60000,"USD",60000,"ES",50,"RO","M",11.0020998412042,"Data_Engineer",2,2,"Other","ES",1,0,0,0,0,0,0,0,0,0,0,0,0,0,0,0,0,0,1,0,0,0,0,0,-0.700191633561465,-0.466482667588577,-0.486825919425663,-0.459110077996058,-0.293216431473038
2021,"SE","FT","Principal Data Engineer",200000,"USD",200000,"US",100,"US","M",12.2060726455302,"Data_Engineer",3,2,"US","US",1,0,0,0,0,0,0,0,0,0,0,0,0,0,0,1,0,0,0,0,0,0,1,1,1.23670154251993,1.05693312857649,0.735648056021002,0.79401646339415,-0.293216431473038
2021,"EN","FT","Data Analyst",50000,"USD",50000,"US",100,"US","M",10.8197782844103,"Data_Analyst",1,2,"US","US",0,0,0,0,0,0,0,0,0,0,0,0,0,0,0,1,0,0,0,0,0,0,1,1,-0.838541146138707,-0.697178526002772,0.735648056021002,-1.71223661938627,-0.293216431473038
2021,"EN","FT","Applied Data Scientist",80000,"GBP",110037,"GB",0,"GB","L",11.6085719518534,"Data_Scientist",1,3,"GB","GB",0,1,0,0,0,0,0,0,0,0,0,0,0,1,0,0,0,0,0,0,1,0,0,1,-0.00793217747871847,0.300901105513919,-1.70929989487233,-1.71223661938627,1.19928162061945
2021,"EN","PT","Data Analyst",8760,"EUR",10354,"ES",50,"ES","M",9.24512819746185,"Data_Analyst",1,2,"ES","ES",0,0,0,0,0,0,0,0,1,0,0,1,0,0,0,0,0,0,1,0,0,0,0,1,-1.38704162370244,-2.6896212184546,-0.486825919425663,-1.71223661938627,-0.293216431473038
2021,"MI","FT","Principal Data Scientist",151000,"USD",151000,"US",100,"US","L",11.9250351157971,"Data_Scientist",2,3,"US","US",0,1,0,0,0,0,0,0,0,0,0,0,0,0,0,1,0,0,0,0,0,0,1,1,0.558788930891439,0.701329571276598,0.735648056021002,-0.459110077996058,1.19928162061945
2021,"SE","FT","Machine Learning Scientist",120000,"USD",120000,"US",50,"US","S",11.6952470217642,"ML_AI_Engineer",3,1,"US","US",0,0,0,1,0,0,0,0,0,0,0,0,0,0,0,1,0,0,0,0,0,0,1,1,0.129905441901988,0.410573159701056,-0.486825919425663,0.79401646339415,-1.78571448356553
2021,"MI","FT","Data Scientist",700000,"INR",9466,"IN",0,"IN","S",9.15546171046619,"Data_Scientist",2,1,"IN","IN",0,1,0,0,0,0,0,0,0,0,0,0,0,0,1,0,0,0,0,0,0,1,0,1,-1.3993270604193,-2.80307838475022,-1.70929989487233,-0.459110077996058,-1.78571448356553
2021,"EN","FT","Machine Learning Engineer",20000,"USD",20000,"IN",100,"IN","S",9.90348755253613,"ML_AI_Engineer",1,1,"IN","IN",0,0,0,1,0,0,0,0,0,0,0,0,0,0,1,0,0,0,0,0,0,1,0,1,-1.25358968387043,-1.85658326488162,0.735648056021002,-1.71223661938627,-1.78571448356553
2021,"SE","FT","Lead Data Scientist",3000000,"INR",40570,"IN",50,"IN","L",10.6107841562005,"Management_Lead",3,3,"IN","IN",0,0,1,0,0,0,0,0,0,0,0,0,0,0,1,0,0,0,0,0,0,1,0,1,-0.969004736499047,-0.961623831641378,-0.486825919425663,0.79401646339415,1.19928162061945
2021,"EN","FT","Machine Learning Developer",100000,"USD",100000,"IQ",50,"IQ","S",11.5129254649702,"ML_AI_Engineer",1,1,"Other","Other",0,0,0,1,0,0,0,0,0,0,0,0,0,0,0,0,0,0,0,0,0,0,0,1,-0.146793583252496,0.179877301286861,-0.486825919425663,-1.71223661938627,-1.78571448356553
2021,"EN","FT","Data Scientist",42000,"EUR",49646,"FR",50,"FR","M",10.8126731022802,"Data_Scientist",1,2,"FR","FR",0,1,0,0,0,0,0,0,0,0,0,0,1,0,0,0,0,0,0,1,0,0,0,1,-0.843438718883942,-0.706168884134328,-0.486825919425663,-1.71223661938627,-0.293216431473038
2021,"MI","FT","Applied Machine Learning Scientist",38400,"USD",38400,"VN",100,"US","M",10.5558127385758,"ML_AI_Engineer",2,2,"US","Other",0,0,0,1,0,0,0,0,0,0,0,0,0,0,0,1,0,0,0,0,0,0,0,0,-0.999026580728308,-1.031180490767,0.735648056021002,-0.459110077996058,-0.293216431473038
2021,"SE","FT","Computer Vision Engineer",24000,"USD",24000,"BR",100,"BR","M",10.0858091093301,"ML_AI_Engineer",3,2,"Other","Other",0,0,0,1,0,0,0,0,0,0,0,0,0,0,0,0,0,0,0,0,0,0,0,1,-1.19824987883954,-1.62588740646742,0.735648056021002,0.79401646339415,-0.293216431473038
2021,"EN","FT","Data Scientist",100000,"USD",100000,"US",0,"US","S",11.5129254649702,"Data_Scientist",1,1,"US","US",0,1,0,0,0,0,0,0,0,0,0,0,0,0,0,1,0,0,0,0,0,0,1,1,-0.146793583252496,0.179877301286861,-1.70929989487233,-1.71223661938627,-1.78571448356553
2021,"MI","FT","Data Analyst",90000,"USD",90000,"US",100,"US","M",11.4075649493124,"Data_Analyst",2,2,"US","US",0,0,0,0,0,0,0,0,0,0,0,0,0,0,0,1,0,0,0,0,0,0,1,1,-0.285143095829739,0.0465621024148284,0.735648056021002,-0.459110077996058,-0.293216431473038
2021,"MI","FT","ML Engineer",7000000,"JPY",63711,"JP",50,"JP","S",11.0621125111104,"ML_AI_Engineer",2,1,"Other","Other",0,0,0,1,0,0,0,0,0,0,0,0,0,0,0,0,0,0,0,0,0,0,0,1,-0.648850129444051,-0.390547190494237,-0.486825919425663,-0.459110077996058,-1.78571448356553
2021,"MI","FT","ML Engineer",8500000,"JPY",77364,"JP",50,"JP","S",11.2562768350986,"ML_AI_Engineer",2,1,"Other","Other",0,0,0,1,0,0,0,0,0,0,0,0,0,0,0,0,0,0,0,0,0,0,0,1,-0.459961539922342,-0.144866393425934,-0.486825919425663,-0.459110077996058,-1.78571448356553
2021,"SE","FT","Principal Data Scientist",220000,"USD",220000,"US",0,"US","L",12.3013828253345,"Data_Scientist",3,3,"US","US",0,1,0,0,0,0,0,0,0,0,0,0,0,0,0,1,0,0,0,0,0,0,1,1,1.51340056767441,1.17753139535423,-1.70929989487233,0.79401646339415,1.19928162061945
2021,"EN","FT","Data Scientist",80000,"USD",80000,"US",100,"US","M",11.289781913656,"Data_Scientist",1,2,"US","US",0,1,0,0,0,0,0,0,0,0,0,0,0,0,0,1,0,0,0,0,0,0,1,1,-0.423492608406981,-0.102471610302351,0.735648056021002,-1.71223661938627,-0.293216431473038
2021,"MI","FT","Data Analyst",135000,"USD",135000,"US",100,"US","L",11.8130300574206,"Data_Analyst",2,3,"US","US",0,0,0,0,0,0,0,0,0,0,0,0,0,0,0,1,0,0,0,0,0,0,1,1,0.337429710767851,0.559606872418236,0.735648056021002,-0.459110077996058,1.19928162061945
2021,"SE","FT","Data Science Manager",240000,"USD",240000,"US",0,"US","L",12.3883942023241,"Management_Lead",3,3,"US","US",0,0,1,0,0,0,0,0,0,0,0,0,0,0,0,1,0,0,0,0,0,0,1,1,1.79009959282889,1.28762898699069,-1.70929989487233,0.79401646339415,1.19928162061945
2021,"SE","FT","Data Engineering Manager",150000,"USD",150000,"US",0,"US","L",11.9183905730784,"Management_Lead",3,3,"US","US",0,0,1,0,0,0,0,0,0,0,0,0,0,0,0,1,0,0,0,0,0,0,1,1,0.544953979633715,0.692922071290266,-1.70929989487233,0.79401646339415,1.19928162061945
2021,"MI","FT","Data Scientist",82500,"USD",82500,"US",100,"US","S",11.3205535723228,"Data_Scientist",2,1,"US","US",0,1,0,0,0,0,0,0,0,0,0,0,0,0,0,1,0,0,0,0,0,0,1,1,-0.38890523026267,-0.0635354892216271,0.735648056021002,-0.459110077996058,-1.78571448356553
2021,"MI","FT","Data Engineer",100000,"USD",100000,"US",100,"US","L",11.5129254649702,"Data_Engineer",2,3,"US","US",1,0,0,0,0,0,0,0,0,0,0,0,0,0,0,1,0,0,0,0,0,0,1,1,-0.146793583252496,0.179877301286861,0.735648056021002,-0.459110077996058,1.19928162061945
2021,"SE","FT","Machine Learning Engineer",70000,"EUR",82744,"BE",50,"BE","M",11.3235067830576,"ML_AI_Engineer",3,2,"Other","Other",0,0,0,1,0,0,0,0,0,0,0,0,0,0,0,0,0,0,0,0,0,0,0,1,-0.385529502155786,-0.0597987205282343,-0.486825919425663,0.79401646339415,-0.293216431473038
2021,"MI","FT","Research Scientist",53000,"EUR",62649,"FR",50,"FR","M",11.0453029985049,"Research",2,2,"FR","FR",0,0,0,0,0,1,0,0,0,0,0,0,1,0,0,0,0,0,0,1,0,0,0,1,-0.663542847679754,-0.411816671779096,-0.486825919425663,-0.459110077996058,-0.293216431473038
2021,"MI","FT","Data Engineer",90000,"USD",90000,"US",100,"US","L",11.4075649493124,"Data_Engineer",2,3,"US","US",1,0,0,0,0,0,0,0,0,0,0,0,0,0,0,1,0,0,0,0,0,0,1,1,-0.285143095829739,0.0465621024148284,0.735648056021002,-0.459110077996058,1.19928162061945
2021,"SE","FT","Data Engineering Manager",153000,"USD",153000,"US",100,"US","L",11.9381932003746,"Management_Lead",3,3,"US","US",0,0,1,0,0,0,0,0,0,0,0,0,0,0,0,1,0,0,0,0,0,0,1,1,0.586458833406887,0.717978812705168,0.735648056021002,0.79401646339415,1.19928162061945
2021,"SE","FT","Cloud Data Engineer",160000,"USD",160000,"BR",100,"US","S",11.982929094216,"Data_Engineer",3,1,"US","Other",1,0,0,0,0,0,0,0,0,0,0,0,0,0,0,1,0,0,0,0,0,0,0,0,0.683303492210957,0.774584216987281,0.735648056021002,0.79401646339415,-1.78571448356553
2021,"SE","FT","Director of Data Science",168000,"USD",168000,"JP",0,"JP","S",12.0317192583854,"Management_Lead",3,1,"Other","Other",0,0,1,0,0,0,0,0,0,0,0,0,0,0,0,0,0,0,0,0,0,0,0,1,0.79398310227275,0.836319587193433,-1.70929989487233,0.79401646339415,-1.78571448356553
2021,"MI","FT","Data Scientist",150000,"USD",150000,"US",100,"US","M",11.9183905730784,"Data_Scientist",2,2,"US","US",0,1,0,0,0,0,0,0,0,0,0,0,0,0,0,1,0,0,0,0,0,0,1,1,0.544953979633715,0.692922071290266,0.735648056021002,-0.459110077996058,-0.293216431473038
2021,"MI","FT","Data Scientist",95000,"CAD",75774,"CA",100,"CA","L",11.2355105048742,"Data_Scientist",2,3,"CA","CA",0,1,0,0,0,0,0,0,0,1,0,0,0,0,0,0,1,0,0,0,0,0,0,1,-0.481959112422123,-0.17114253137403,0.735648056021002,-0.459110077996058,1.19928162061945
2021,"EN","FT","Data Scientist",13400,"USD",13400,"UA",100,"UA","L",9.503009985939,"Data_Scientist",1,3,"Other","Other",0,1,0,0,0,0,0,0,0,0,0,0,0,0,0,0,0,0,0,0,0,0,0,1,-1.34490036217141,-2.36331717844819,0.735648056021002,-1.71223661938627,1.19928162061945
2021,"SE","FT","Data Science Manager",144000,"USD",144000,"US",100,"US","L",11.8775685785581,"Management_Lead",3,3,"US","US",0,0,1,0,0,0,0,0,0,0,0,0,0,0,0,1,0,0,0,0,0,0,1,1,0.461944272087369,0.641269018115251,0.735648056021002,0.79401646339415,1.19928162061945
2021,"SE","FT","Data Science Engineer",159500,"CAD",127221,"CA",50,"CA","L",11.7536810106012,"Data_Engineer",3,3,"CA","CA",1,0,0,0,0,0,0,0,0,1,0,0,0,0,0,0,1,0,0,0,0,0,0,1,0.229807624934015,0.484511093604056,-0.486825919425663,0.79401646339415,1.19928162061945
2021,"MI","FT","Data Scientist",160000,"SGD",119059,"SG",100,"IL","M",11.6873744475456,"Data_Scientist",2,2,"Other","Other",0,1,0,0,0,0,0,0,0,0,0,0,0,0,0,0,0,0,0,0,0,0,0,0,0.116886752768469,0.400611801871415,0.735648056021002,-0.459110077996058,-0.293216431473038
2021,"MI","FT","Applied Machine Learning Scientist",423000,"USD",423000,"US",50,"US","L",12.9551274580284,"ML_AI_Engineer",2,3,"US","US",0,0,0,1,0,0,0,0,0,0,0,0,0,0,0,1,0,0,0,0,0,0,1,1,4.32189567299243,2.00473022951862,-0.486825919425663,-0.459110077996058,1.19928162061945
2021,"SE","FT","Data Analytics Manager",120000,"USD",120000,"US",100,"US","M",11.6952470217642,"Management_Lead",3,2,"US","US",0,0,1,0,0,0,0,0,0,0,0,0,0,0,0,1,0,0,0,0,0,0,1,1,0.129905441901988,0.410573159701056,0.735648056021002,0.79401646339415,-0.293216431473038
2021,"EN","FT","Machine Learning Engineer",125000,"USD",125000,"US",100,"US","S",11.7360690162844,"ML_AI_Engineer",1,1,"US","US",0,0,0,1,0,0,0,0,0,0,0,0,0,0,0,1,0,0,0,0,0,0,1,1,0.199080198190609,0.46222621287607,0.735648056021002,-1.71223661938627,-1.78571448356553
2021,"EX","FT","Head of Data",230000,"USD",230000,"RU",50,"RU","L",12.3458345879053,"Management_Lead",4,3,"Other","Other",0,0,1,0,0,0,0,0,0,0,0,0,0,0,0,0,0,0,0,0,0,0,0,1,1.65175008025165,1.23377728149424,-0.486825919425663,2.04714300478436,1.19928162061945
2021,"EX","FT","Head of Data Science",85000,"USD",85000,"RU",0,"RU","M",11.3504065354725,"Management_Lead",4,2,"Other","Other",0,0,1,0,0,0,0,0,0,0,0,0,0,0,0,0,0,0,0,0,0,0,0,1,-0.35431785211836,-0.0257618157124323,-1.70929989487233,2.04714300478436,-0.293216431473038
2021,"MI","FT","Data Engineer",24000,"EUR",28369,"MT",50,"MT","L",10.2530522786797,"Data_Engineer",2,3,"Other","Other",1,0,0,0,0,0,0,0,0,0,0,0,0,0,0,0,0,0,0,0,0,0,0,1,-1.13780497679454,-1.41427059496429,-0.486825919425663,-0.459110077996058,1.19928162061945
2021,"EN","FT","Data Science Consultant",54000,"EUR",63831,"DE",50,"DE","L",11.0639942447418,"Other",1,3,"DE","DE",0,0,0,0,1,0,0,0,0,0,1,0,0,0,0,0,0,1,0,0,0,0,0,1,-0.647189935293124,-0.388166187594521,-0.486825919425663,-1.71223661938627,1.19928162061945
2021,"EX","FT","Director of Data Science",110000,"EUR",130026,"DE",50,"DE","M",11.7754897094404,"Management_Lead",4,2,"DE","DE",0,0,1,0,0,0,0,0,0,0,1,0,0,0,0,0,0,1,0,0,0,0,0,1,0.268614663211931,0.512106165673817,-0.486825919425663,2.04714300478436,-0.293216431473038
2021,"SE","FT","Data Specialist",165000,"USD",165000,"US",100,"US","L",12.0137007528827,"Data_Engineer",3,3,"US","US",1,0,0,0,0,0,0,0,0,0,0,0,0,0,0,1,0,0,0,0,0,0,1,1,0.752478248499578,0.813520338068005,0.735648056021002,0.79401646339415,1.19928162061945
2021,"EN","FT","Data Engineer",80000,"USD",80000,"US",100,"US","L",11.289781913656,"Data_Engineer",1,3,"US","US",1,0,0,0,0,0,0,0,0,0,0,0,0,0,0,1,0,0,0,0,0,0,1,1,-0.423492608406981,-0.102471610302351,0.735648056021002,-1.71223661938627,1.19928162061945
2021,"EX","FT","Director of Data Science",250000,"USD",250000,"US",0,"US","L",12.4292161968444,"Management_Lead",4,3,"US","US",0,0,1,0,0,0,0,0,0,0,0,0,0,0,0,1,0,0,0,0,0,0,1,1,1.92844910540614,1.3392820401657,-1.70929989487233,2.04714300478436,1.19928162061945
2021,"EN","FT","BI Data Analyst",55000,"USD",55000,"US",50,"US","S",10.9150884642146,"Data_Analyst",1,1,"US","US",0,0,0,0,0,0,0,0,0,0,0,0,0,0,0,1,0,0,0,0,0,0,1,1,-0.769366389850086,-0.576580259225034,-0.486825919425663,-1.71223661938627,-1.78571448356553
2021,"MI","FT","Data Architect",150000,"USD",150000,"US",100,"US","L",11.9183905730784,"Data_Engineer",2,3,"US","US",1,0,0,0,0,0,0,0,0,0,0,0,0,0,0,1,0,0,0,0,0,0,1,1,0.544953979633715,0.692922071290266,0.735648056021002,-0.459110077996058,1.19928162061945
2021,"MI","FT","Data Architect",170000,"USD",170000,"US",100,"US","L",12.0435537160324,"Data_Engineer",2,3,"US","US",1,0,0,0,0,0,0,0,0,0,0,0,0,0,0,1,0,0,0,0,0,0,1,1,0.821653004788199,0.8512940115772,0.735648056021002,-0.459110077996058,1.19928162061945
2021,"MI","FT","Data Engineer",60000,"GBP",82528,"GB",100,"GB","L",11.3208929086811,"Data_Engineer",2,3,"GB","GB",1,0,0,0,0,0,0,0,0,0,0,0,0,1,0,0,0,0,0,0,1,0,0,1,-0.388517851627454,-0.0631061187519729,0.735648056021002,-0.459110077996058,1.19928162061945
2021,"EN","FT","Data Analyst",60000,"USD",60000,"US",100,"US","S",11.0020998412042,"Data_Analyst",1,1,"US","US",0,0,0,0,0,0,0,0,0,0,0,0,0,0,0,1,0,0,0,0,0,0,1,1,-0.700191633561465,-0.466482667588577,0.735648056021002,-1.71223661938627,-1.78571448356553
2021,"SE","FT","Principal Data Scientist",235000,"USD",235000,"US",100,"US","L",12.3673407931263,"Data_Scientist",3,3,"US","US",0,1,0,0,0,0,0,0,0,0,0,0,0,0,0,1,0,0,0,0,0,0,1,1,1.72092483654027,1.26098960110102,0.735648056021002,0.79401646339415,1.19928162061945
2021,"SE","FT","Research Scientist",51400,"EUR",60757,"PT",50,"PT","L",11.0146375809022,"Research",3,3,"Other","Other",0,0,0,0,0,1,0,0,0,0,0,0,0,0,0,0,0,0,0,0,0,0,0,1,-0.689718575459368,-0.450618363481829,-0.486825919425663,0.79401646339415,1.19928162061945
2021,"SE","FT","Data Engineering Manager",174000,"USD",174000,"US",100,"US","L",12.0668105781967,"Management_Lead",3,3,"US","US",0,0,1,0,0,0,0,0,0,0,0,0,0,0,0,1,0,0,0,0,0,0,1,1,0.876992809819096,0.880721479592239,0.735648056021002,0.79401646339415,1.19928162061945
2021,"MI","FT","Data Scientist",58000,"MXN",2859,"MX",0,"MX","S",7.95822719232231,"Data_Scientist",2,1,"Other","Other",0,1,0,0,0,0,0,0,0,0,0,0,0,0,0,0,0,0,0,0,0,0,0,1,-1.49073458337908,-4.31796806506621,-1.70929989487233,-0.459110077996058,-1.78571448356553
2021,"MI","FT","Data Scientist",30400000,"CLP",40038,"CL",100,"CL","L",10.5975842821317,"Data_Scientist",2,3,"Other","Other",0,1,0,0,0,0,0,0,0,0,0,0,0,0,0,0,0,0,0,0,0,0,0,1,-0.976364930568156,-0.978325950320135,0.735648056021002,-0.459110077996058,1.19928162061945
2021,"EN","FT","Machine Learning Engineer",81000,"USD",81000,"US",50,"US","S",11.3022044336546,"ML_AI_Engineer",1,1,"US","US",0,0,0,1,0,0,0,0,0,0,0,0,0,0,0,1,0,0,0,0,0,0,1,1,-0.409657657149257,-0.0867530964572038,-0.486825919425663,-1.71223661938627,-1.78571448356553
2021,"MI","FT","Data Scientist",420000,"INR",5679,"IN",100,"US","S",8.64453043987743,"Data_Scientist",2,1,"US","IN",0,1,0,0,0,0,0,0,0,0,0,0,0,0,0,1,0,0,0,0,0,1,0,0,-1.4517200208323,-3.44957203109582,0.735648056021002,-0.459110077996058,-1.78571448356553
2021,"MI","FT","Big Data Engineer",1672000,"INR",22611,"IN",0,"IN","L",10.0261917925116,"Data_Engineer",2,3,"IN","IN",1,0,0,0,0,0,0,0,0,0,0,0,0,0,1,0,0,0,0,0,0,1,0,1,-1.21746662613652,-1.70132263377485,-1.70929989487233,-0.459110077996058,1.19928162061945
2021,"MI","FT","Data Scientist",76760,"EUR",90734,"DE",50,"DE","L",11.415687428043,"Data_Scientist",2,3,"DE","DE",0,1,0,0,0,0,0,0,0,0,1,0,0,0,0,0,0,1,0,0,0,0,0,1,-0.274988241606569,0.0568396704443641,-0.486825919425663,-0.459110077996058,1.19928162061945
2021,"MI","FT","Data Engineer",22000,"EUR",26005,"RO",0,"US","L",10.1660441062072,"Data_Engineer",2,3,"US","Other",1,0,0,0,0,0,0,0,0,0,0,0,0,0,0,1,0,0,0,0,0,0,0,0,-1.1705108015678,-1.52436413184807,-1.70929989487233,-0.459110077996058,1.19928162061945
2021,"SE","FT","Finance Data Analyst",45000,"GBP",61896,"GB",50,"GB","L",11.0332108362293,"Data_Analyst",3,3,"GB","GB",0,0,0,0,0,0,0,0,0,0,0,0,0,1,0,0,0,0,0,0,1,0,0,1,-0.67396056597682,-0.427117176038198,-0.486825919425663,0.79401646339415,1.19928162061945
2021,"MI","FL","Machine Learning Scientist",12000,"USD",12000,"PK",50,"PK","M",9.39266192877014,"ML_AI_Engineer",2,2,"Other","Other",0,0,0,1,0,0,0,1,0,0,0,0,0,0,0,0,0,0,0,0,0,0,0,1,-1.36426929393223,-2.50294323375705,-0.486825919425663,-0.459110077996058,-0.293216431473038
2021,"MI","FT","Data Engineer",4000,"USD",4000,"IR",100,"IR","M",8.29404964010203,"Data_Engineer",2,2,"Other","Other",1,0,0,0,0,0,0,0,0,0,0,0,0,0,0,0,0,0,0,0,0,0,0,1,-1.47494890399402,-3.89304383105009,0.735648056021002,-0.459110077996058,-0.293216431473038
2021,"SE","FT","Data Analytics Engineer",50000,"USD",50000,"VN",100,"GB","M",10.8197782844103,"Other",3,2,"GB","Other",0,0,0,0,1,0,0,0,0,0,0,0,0,1,0,0,0,0,0,0,0,0,0,0,-0.838541146138707,-0.697178526002772,0.735648056021002,0.79401646339415,-0.293216431473038
2021,"EX","FT","Data Science Consultant",59000,"EUR",69741,"FR",100,"ES","S",11.1525436591002,"Other",4,1,"ES","FR",0,0,0,0,1,0,0,0,0,0,0,1,0,0,0,0,0,0,0,1,0,0,0,0,-0.565425373359974,-0.276122480220093,0.735648056021002,2.04714300478436,-1.78571448356553
2021,"SE","FT","Data Engineer",65000,"EUR",76833,"RO",50,"GB","S",11.2493895143465,"Data_Engineer",3,1,"GB","Other",1,0,0,0,0,0,0,0,0,0,0,0,0,1,0,0,0,0,0,0,0,0,0,0,-0.467307899040193,-0.153581086307118,-0.486825919425663,0.79401646339415,-1.78571448356553
2021,"MI","FT","Machine Learning Engineer",74000,"USD",74000,"JP",50,"JP","S",11.2118203721863,"ML_AI_Engineer",2,1,"Other","Other",0,0,0,1,0,0,0,0,0,0,0,0,0,0,0,0,0,0,0,0,0,0,0,1,-0.506502315953326,-0.201118227021266,-0.486825919425663,-0.459110077996058,-1.78571448356553
2021,"SE","FT","Data Science Manager",152000,"USD",152000,"US",100,"FR","L",11.9316357998284,"Management_Lead",3,3,"FR","US",0,0,1,0,0,0,0,0,0,0,0,0,1,0,0,0,0,0,0,0,0,0,1,0,0.572623882149163,0.709681575809196,0.735648056021002,0.79401646339415,1.19928162061945
2021,"EN","FT","Machine Learning Engineer",21844,"USD",21844,"CO",50,"CO","M",9.99168156327204,"ML_AI_Engineer",1,2,"Other","Other",0,0,0,1,0,0,0,0,0,0,0,0,0,0,0,0,0,0,0,0,0,0,0,1,-1.22807803375119,-1.74498925827325,-0.486825919425663,-1.71223661938627,-0.293216431473038
2021,"MI","FT","Big Data Engineer",18000,"USD",18000,"MD",0,"MD","S",9.7981270368783,"Data_Engineer",2,1,"Other","Other",1,0,0,0,0,0,0,0,0,0,0,0,0,0,0,0,0,0,0,0,0,0,0,1,-1.28125958638588,-1.98989846375365,-1.70929989487233,-0.459110077996058,-1.78571448356553
2021,"SE","FT","Data Science Manager",174000,"USD",174000,"US",100,"US","L",12.0668105781967,"Management_Lead",3,3,"US","US",0,0,1,0,0,0,0,0,0,0,0,0,0,0,0,1,0,0,0,0,0,0,1,1,0.876992809819096,0.880721479592239,0.735648056021002,0.79401646339415,1.19928162061945
2021,"SE","FT","Research Scientist",120500,"CAD",96113,"CA",50,"CA","L",11.4732798615639,"Research",3,3,"CA","CA",0,0,0,0,0,1,0,0,0,1,0,0,0,0,0,0,1,0,0,0,0,0,0,1,-0.20057003879127,0.129712764130591,-0.486825919425663,0.79401646339415,1.19928162061945
2021,"MI","FT","Data Scientist",147000,"USD",147000,"US",50,"US","L",11.8981878657609,"Data_Scientist",2,3,"US","US",0,1,0,0,0,0,0,0,0,0,0,0,0,0,0,1,0,0,0,0,0,0,1,1,0.503449125860542,0.667359098985389,-0.486825919425663,-0.459110077996058,1.19928162061945
2021,"EN","FT","BI Data Analyst",9272,"USD",9272,"KE",100,"KE","S",9.13475438501959,"Data_Analyst",1,1,"Other","Other",0,0,0,0,0,0,0,0,0,0,0,0,0,0,0,0,0,0,0,0,0,0,0,1,-1.4020110409633,-2.8292798625314,0.735648056021002,-1.71223661938627,-1.78571448356553
2021,"SE","FT","Machine Learning Engineer",1799997,"INR",24342,"IN",100,"IN","L",10.0999585324345,"ML_AI_Engineer",3,3,"IN","IN",0,0,0,1,0,0,0,0,0,0,0,0,0,0,1,0,0,0,0,0,0,1,0,1,-1.1935183255094,-1.60798380051682,0.735648056021002,0.79401646339415,1.19928162061945
2021,"SE","FT","Data Science Manager",4000000,"INR",54094,"IN",50,"US","L",10.8984785529539,"Management_Lead",3,3,"US","IN",0,0,1,0,0,0,0,0,0,0,0,0,0,0,0,1,0,0,0,0,0,1,0,0,-0.781900855689584,-0.597597180119319,-0.486825919425663,0.79401646339415,1.19928162061945
2021,"EN","FT","Data Science Consultant",90000,"USD",90000,"US",100,"US","S",11.4075649493124,"Other",1,1,"US","US",0,0,0,0,1,0,0,0,0,0,0,0,0,0,0,1,0,0,0,0,0,0,1,1,-0.285143095829739,0.0465621024148284,0.735648056021002,-1.71223661938627,-1.78571448356553
2021,"MI","FT","Data Scientist",52000,"EUR",61467,"DE",50,"AT","M",11.0262557244153,"Data_Scientist",2,2,"Other","DE",0,1,0,0,0,0,0,0,0,0,0,0,0,0,0,0,0,1,0,0,0,0,0,0,-0.679895760066384,-0.43591764658325,-0.486825919425663,-0.459110077996058,-0.293216431473038
2021,"SE","FT","Machine Learning Infrastructure Engineer",195000,"USD",195000,"US",100,"US","M",12.1807548375459,"ML_AI_Engineer",3,2,"US","US",0,0,0,1,0,0,0,0,0,0,0,0,0,0,0,1,0,0,0,0,0,0,1,1,1.1675267862313,1.02489789616181,0.735648056021002,0.79401646339415,-0.293216431473038
2021,"MI","FT","Data Scientist",32000,"EUR",37825,"ES",100,"ES","L",10.5407255386566,"Data_Scientist",2,3,"ES","ES",0,1,0,0,0,0,0,0,0,0,0,1,0,0,0,0,0,0,1,0,0,0,0,1,-1.0069816777015,-1.05027068831492,0.735648056021002,-0.459110077996058,1.19928162061945
2021,"SE","FT","Research Scientist",50000,"USD",50000,"FR",100,"US","S",10.8197782844103,"Research",3,1,"US","FR",0,0,0,0,0,1,0,0,0,0,0,0,0,0,0,1,0,0,0,1,0,0,0,0,-0.838541146138707,-0.697178526002772,0.735648056021002,0.79401646339415,-1.78571448356553
2021,"MI","FT","Data Scientist",160000,"USD",160000,"US",100,"US","L",11.982929094216,"Data_Scientist",2,3,"US","US",0,1,0,0,0,0,0,0,0,0,0,0,0,0,0,1,0,0,0,0,0,0,1,1,0.683303492210957,0.774584216987281,0.735648056021002,-0.459110077996058,1.19928162061945
2021,"MI","FT","Data Scientist",69600,"BRL",12901,"BR",0,"BR","S",9.46506010672514,"Data_Scientist",2,1,"Other","Other",0,1,0,0,0,0,0,0,0,0,0,0,0,0,0,0,0,0,0,0,0,0,0,1,-1.35180400284902,-2.41133607492927,-1.70929989487233,-0.459110077996058,-1.78571448356553
2021,"SE","FT","Machine Learning Engineer",200000,"USD",200000,"US",100,"US","L",12.2060726455302,"ML_AI_Engineer",3,3,"US","US",0,0,0,1,0,0,0,0,0,0,0,0,0,0,0,1,0,0,0,0,0,0,1,1,1.23670154251993,1.05693312857649,0.735648056021002,0.79401646339415,1.19928162061945
2021,"SE","FT","Data Engineer",165000,"USD",165000,"US",0,"US","M",12.0137007528827,"Data_Engineer",3,2,"US","US",1,0,0,0,0,0,0,0,0,0,0,0,0,0,0,1,0,0,0,0,0,0,1,1,0.752478248499578,0.813520338068005,-1.70929989487233,0.79401646339415,-0.293216431473038
2021,"MI","FL","Data Engineer",20000,"USD",20000,"IT",0,"US","L",9.90348755253613,"Data_Engineer",2,3,"US","Other",1,0,0,0,0,0,0,1,0,0,0,0,0,0,0,1,0,0,0,0,0,0,0,0,-1.25358968387043,-1.85658326488162,-1.70929989487233,-0.459110077996058,1.19928162061945
2021,"SE","FT","Data Analytics Manager",120000,"USD",120000,"US",0,"US","L",11.6952470217642,"Management_Lead",3,3,"US","US",0,0,1,0,0,0,0,0,0,0,0,0,0,0,0,1,0,0,0,0,0,0,1,1,0.129905441901988,0.410573159701056,-1.70929989487233,0.79401646339415,1.19928162061945
2021,"MI","FT","Machine Learning Engineer",21000,"EUR",24823,"SI",50,"SI","L",10.1195259217203,"ML_AI_Engineer",2,3,"Other","Other",0,0,0,1,0,0,0,0,0,0,0,0,0,0,0,0,0,0,0,0,0,0,0,1,-1.18686371395443,-1.58322471142396,-0.486825919425663,-0.459110077996058,1.19928162061945
2021,"MI","FT","Research Scientist",48000,"EUR",56738,"FR",50,"FR","S",10.9461994592397,"Research",2,1,"FR","FR",0,0,0,0,0,1,0,0,0,0,0,0,1,0,0,0,0,0,0,1,0,0,0,1,-0.745321244564162,-0.537214767674654,-0.486825919425663,-0.459110077996058,-1.78571448356553
2021,"MI","FT","Data Engineer",48000,"GBP",66022,"HK",50,"GB","S",11.0977432987987,"Data_Engineer",2,1,"GB","Other",1,0,0,0,0,0,0,0,0,0,0,0,0,1,0,0,0,0,0,0,0,0,0,0,-0.61687755708745,-0.345462696393466,-0.486825919425663,-0.459110077996058,-1.78571448356553
2021,"EN","FT","Big Data Engineer",435000,"INR",5882,"IN",0,"CH","L",8.67965211911394,"Data_Engineer",1,3,"Other","IN",1,0,0,0,0,0,0,0,0,0,0,0,0,0,0,0,0,0,0,0,0,1,0,0,-1.44891152572698,-3.40513172418482,-1.70929989487233,-1.71223661938627,1.19928162061945
2021,"EN","FT","Machine Learning Engineer",21000,"EUR",24823,"DE",50,"DE","M",10.1195259217203,"ML_AI_Engineer",1,2,"DE","DE",0,0,0,1,0,0,0,0,0,0,1,0,0,0,0,0,0,1,0,0,0,0,0,1,-1.18686371395443,-1.58322471142396,-0.486825919425663,-1.71223661938627,-0.293216431473038
2021,"SE","FT","Principal Data Engineer",185000,"USD",185000,"US",100,"US","L",12.1281111040605,"Data_Engineer",3,3,"US","US",1,0,0,0,0,0,0,0,0,0,0,0,0,0,0,1,0,0,0,0,0,0,1,1,1.02917727365406,0.958286511857579,0.735648056021002,0.79401646339415,1.19928162061945
2021,"EN","PT","Computer Vision Engineer",180000,"DKK",28609,"DK",50,"DK","S",10.2614766326196,"ML_AI_Engineer",1,1,"Other","Other",0,0,0,1,0,0,0,0,1,0,0,0,0,0,0,0,0,0,0,0,0,0,0,1,-1.13448458849269,-1.40361105695946,-0.486825919425663,-1.71223661938627,-1.78571448356553
2021,"MI","FT","Machine Learning Engineer",75000,"EUR",88654,"BE",100,"BE","M",11.3924964317478,"ML_AI_Engineer",2,2,"Other","Other",0,0,0,1,0,0,0,0,0,0,0,0,0,0,0,0,0,0,0,0,0,0,0,1,-0.303764940222635,0.0274955441003875,0.735648056021002,-0.459110077996058,-0.293216431473038
2021,"SE","FT","Data Analytics Manager",140000,"USD",140000,"US",100,"US","L",11.8493977015914,"Management_Lead",3,3,"US","US",0,0,1,0,0,0,0,0,0,0,0,0,0,0,0,1,0,0,0,0,0,0,1,1,0.406604467056472,0.605623728779237,0.735648056021002,0.79401646339415,1.19928162061945
2021,"MI","FT","Machine Learning Engineer",180000,"PLN",46597,"PL",100,"PL","L",10.749291440359,"ML_AI_Engineer",2,3,"Other","Other",0,0,0,1,0,0,0,0,0,0,0,0,0,0,0,0,0,0,0,0,0,0,0,1,-0.885621485268743,-0.78636722799315,0.735648056021002,-0.459110077996058,1.19928162061945
2021,"MI","FT","Data Scientist",85000,"GBP",116914,"GB",50,"GB","L",11.6691939007685,"Data_Scientist",2,3,"GB","GB",0,1,0,0,0,0,0,0,0,0,0,0,0,1,0,0,0,0,0,0,1,0,0,1,0.087210782320651,0.377607518017426,-0.486825919425663,-0.459110077996058,1.19928162061945
2021,"MI","FT","Data Scientist",2500000,"INR",33808,"IN",0,"IN","M",10.4284527398558,"Data_Scientist",2,2,"IN","IN",0,1,0,0,0,0,0,0,0,0,0,0,0,0,1,0,0,0,0,0,0,1,0,1,-1.06255667690378,-1.19233216558262,-1.70929989487233,-0.459110077996058,-0.293216431473038
2021,"MI","FT","Data Scientist",40900,"GBP",56256,"GB",50,"GB","L",10.9376679810448,"Data_Scientist",2,3,"GB","GB",0,1,0,0,0,0,0,0,0,0,0,0,0,1,0,0,0,0,0,0,1,0,0,1,-0.751989691070385,-0.548009852580158,-0.486825919425663,-0.459110077996058,1.19928162061945
2021,"SE","FT","Machine Learning Scientist",225000,"USD",225000,"US",100,"CA","L",12.3238556811866,"ML_AI_Engineer",3,3,"CA","US",0,0,0,1,0,0,0,0,0,1,0,0,0,0,0,0,0,0,0,0,0,0,1,0,1.58257532396303,1.20596684129367,0.735648056021002,0.79401646339415,1.19928162061945
2021,"EX","CT","Principal Data Scientist",416000,"USD",416000,"US",100,"US","S",12.9384405392434,"Data_Scientist",4,1,"US","US",0,1,0,0,0,0,1,0,0,0,0,0,0,0,0,1,0,0,0,0,0,0,1,1,4.22505101418836,1.98361586914846,0.735648056021002,2.04714300478436,-1.78571448356553
2021,"SE","FT","Data Scientist",110000,"CAD",87738,"CA",100,"CA","S",11.3821103798399,"Data_Scientist",3,1,"CA","CA",0,1,0,0,0,0,0,0,0,1,0,0,0,0,0,0,1,0,0,0,0,0,0,1,-0.316437755574711,0.014353822394211,0.735648056021002,0.79401646339415,-1.78571448356553
2021,"MI","FT","Data Scientist",75000,"EUR",88654,"DE",50,"DE","L",11.3924964317478,"Data_Scientist",2,3,"DE","DE",0,1,0,0,0,0,0,0,0,0,1,0,0,0,0,0,0,1,0,0,0,0,0,1,-0.303764940222635,0.0274955441003875,-0.486825919425663,-0.459110077996058,1.19928162061945
2021,"SE","FT","Data Scientist",135000,"USD",135000,"US",0,"US","L",11.8130300574206,"Data_Scientist",3,3,"US","US",0,1,0,0,0,0,0,0,0,0,0,0,0,0,0,1,0,0,0,0,0,0,1,1,0.337429710767851,0.559606872418236,-1.70929989487233,0.79401646339415,1.19928162061945
2021,"SE","FT","Data Analyst",90000,"CAD",71786,"CA",100,"CA","M",11.1814447499516,"Data_Analyst",3,2,"CA","CA",0,0,0,0,0,0,0,0,0,1,0,0,0,0,0,0,1,0,0,0,0,0,0,1,-0.537132898037928,-0.239553233662921,0.735648056021002,0.79401646339415,-0.293216431473038
2021,"EN","FT","Big Data Engineer",1200000,"INR",16228,"IN",100,"IN","L",9.69449342432634,"Data_Engineer",1,3,"IN","IN",1,0,0,0,0,0,0,0,0,0,0,0,0,0,1,0,0,0,0,0,0,1,0,1,-1.30577512001457,-2.12102857052022,0.735648056021002,-1.71223661938627,1.19928162061945
2021,"SE","FT","ML Engineer",256000,"USD",256000,"US",100,"US","S",12.4529327234617,"ML_AI_Engineer",3,1,"US","US",0,0,0,1,0,0,0,0,0,0,0,0,0,0,0,1,0,0,0,0,0,0,1,1,2.01145881295248,1.3692911326877,0.735648056021002,0.79401646339415,-1.78571448356553
2021,"SE","FT","Director of Data Engineering",200000,"USD",200000,"US",100,"US","L",12.2060726455302,"Management_Lead",3,3,"US","US",0,0,1,0,0,0,0,0,0,0,0,0,0,0,0,1,0,0,0,0,0,0,1,1,1.23670154251993,1.05693312857649,0.735648056021002,0.79401646339415,1.19928162061945
2021,"SE","FT","Data Analyst",200000,"USD",200000,"US",100,"US","L",12.2060726455302,"Data_Analyst",3,3,"US","US",0,0,0,0,0,0,0,0,0,0,0,0,0,0,0,1,0,0,0,0,0,0,1,1,1.23670154251993,1.05693312857649,0.735648056021002,0.79401646339415,1.19928162061945
2021,"MI","FT","Data Architect",180000,"USD",180000,"US",100,"US","L",12.1007121298723,"Data_Engineer",2,3,"US","US",1,0,0,0,0,0,0,0,0,0,0,0,0,0,0,1,0,0,0,0,0,0,1,1,0.960002517365441,0.923617929704461,0.735648056021002,-0.459110077996058,1.19928162061945
2021,"MI","FT","Head of Data Science",110000,"USD",110000,"US",0,"US","S",11.6082356447746,"Management_Lead",2,1,"US","US",0,0,1,0,0,0,0,0,0,0,0,0,0,0,0,1,0,0,0,0,0,0,1,1,-0.00844407067525427,0.300475568064598,-1.70929989487233,-0.459110077996058,-1.78571448356553
2021,"MI","FT","Research Scientist",80000,"CAD",63810,"CA",100,"CA","M",11.0636651968624,"Research",2,2,"CA","CA",0,0,0,0,0,1,0,0,0,1,0,0,0,0,0,0,1,0,0,0,0,0,0,1,-0.647480469269536,-0.388582539803993,0.735648056021002,-0.459110077996058,-0.293216431473038
2021,"MI","FT","Data Scientist",39600,"EUR",46809,"ES",100,"ES","M",10.7538307711093,"Data_Scientist",2,2,"ES","ES",0,1,0,0,0,0,0,0,0,0,0,1,0,0,0,0,0,0,1,0,0,0,0,1,-0.882688475602105,-0.780623503430466,0.735648056021002,-0.459110077996058,-0.293216431473038
2021,"EN","FT","Data Scientist",4000,"USD",4000,"VN",0,"VN","M",8.29404964010203,"Data_Scientist",1,2,"Other","Other",0,1,0,0,0,0,0,0,0,0,0,0,0,0,0,0,0,0,0,0,0,0,0,1,-1.47494890399402,-3.89304383105009,-1.70929989487233,-1.71223661938627,-0.293216431473038
2021,"EN","FT","Data Engineer",1600000,"INR",21637,"IN",50,"IN","M",9.98216009118743,"Data_Engineer",1,2,"IN","IN",1,0,0,0,0,0,0,0,0,0,0,0,0,0,1,0,0,0,0,0,0,1,0,1,-1.23094186866154,-1.75703700629906,-0.486825919425663,-1.71223661938627,-0.293216431473038
2021,"SE","FT","Data Scientist",130000,"CAD",103691,"CA",100,"CA","L",11.5491706016374,"Data_Scientist",3,3,"CA","CA",0,1,0,0,0,0,0,0,0,1,0,0,0,0,0,0,1,0,0,0,0,0,0,1,-0.0957287781602364,0.225739145951859,0.735648056021002,0.79401646339415,1.19928162061945
2021,"MI","FT","Data Analyst",80000,"USD",80000,"US",100,"US","L",11.289781913656,"Data_Analyst",2,3,"US","US",0,0,0,0,0,0,0,0,0,0,0,0,0,0,0,1,0,0,0,0,0,0,1,1,-0.423492608406981,-0.102471610302351,0.735648056021002,-0.459110077996058,1.19928162061945
2021,"MI","FT","Data Engineer",110000,"USD",110000,"US",100,"US","L",11.6082356447746,"Data_Engineer",2,3,"US","US",1,0,0,0,0,0,0,0,0,0,0,0,0,0,0,1,0,0,0,0,0,0,1,1,-0.00844407067525427,0.300475568064598,0.735648056021002,-0.459110077996058,1.19928162061945
2021,"SE","FT","Data Scientist",165000,"USD",165000,"US",100,"US","L",12.0137007528827,"Data_Scientist",3,3,"US","US",0,1,0,0,0,0,0,0,0,0,0,0,0,0,0,1,0,0,0,0,0,0,1,1,0.752478248499578,0.813520338068005,0.735648056021002,0.79401646339415,1.19928162061945
2021,"EN","FT","AI Scientist",1335000,"INR",18053,"IN",100,"AS","S",9.80106715493666,"ML_AI_Engineer",1,1,"Other","IN",0,0,0,1,0,0,0,0,0,0,0,0,0,0,0,0,0,0,0,0,0,1,0,0,-1.28052633396922,-1.98617826153928,0.735648056021002,-1.71223661938627,-1.78571448356553
2021,"MI","FT","Data Engineer",52500,"GBP",72212,"GB",50,"GB","L",11.1873615160565,"Data_Engineer",2,3,"GB","GB",1,0,0,0,0,0,0,0,0,0,0,0,0,1,0,0,0,0,0,0,1,0,0,1,-0.531239208802137,-0.232066606960017,-0.486825919425663,-0.459110077996058,1.19928162061945
2021,"EN","FT","Data Scientist",31000,"EUR",36643,"FR",50,"FR","L",10.5089776931655,"Data_Scientist",1,3,"FR","FR",0,1,0,0,0,0,0,0,0,0,0,0,1,0,0,0,0,0,0,1,0,0,0,1,-1.02333459008813,-1.09044200210329,-0.486825919425663,-1.71223661938627,1.19928162061945
2021,"MI","FT","Data Engineer",108000,"TRY",12103,"TR",0,"TR","M",9.4012086347386,"Data_Engineer",2,2,"Other","Other",1,0,0,0,0,0,0,0,0,0,0,0,0,0,0,0,0,0,0,0,0,0,0,1,-1.36284429395268,-2.49212888078267,-1.70929989487233,-0.459110077996058,-0.293216431473038
2021,"SE","FT","Data Engineer",70000,"GBP",96282,"GB",50,"GB","L",11.4750366644274,"Data_Engineer",3,3,"GB","GB",1,0,0,0,0,0,0,0,0,0,0,0,0,1,0,0,0,0,0,0,1,0,0,1,-0.198231932028715,0.131935689119811,-0.486825919425663,0.79401646339415,1.19928162061945
2021,"SE","FT","Principal Data Analyst",170000,"USD",170000,"US",100,"US","M",12.0435537160324,"Data_Analyst",3,2,"US","US",0,0,0,0,0,0,0,0,0,0,0,0,0,0,0,1,0,0,0,0,0,0,1,1,0.821653004788199,0.8512940115772,0.735648056021002,0.79401646339415,-0.293216431473038
2021,"MI","FT","Data Scientist",115000,"USD",115000,"US",50,"US","L",11.6526874073454,"Data_Scientist",2,3,"US","US",0,1,0,0,0,0,0,0,0,0,0,0,0,0,0,1,0,0,0,0,0,0,1,1,0.0607306856133668,0.356721454204612,-0.486825919425663,-0.459110077996058,1.19928162061945
2021,"EN","FT","Data Scientist",90000,"USD",90000,"US",100,"US","S",11.4075649493124,"Data_Scientist",1,1,"US","US",0,1,0,0,0,0,0,0,0,0,0,0,0,0,0,1,0,0,0,0,0,0,1,1,-0.285143095829739,0.0465621024148284,0.735648056021002,-1.71223661938627,-1.78571448356553
2021,"EX","FT","Principal Data Engineer",600000,"USD",600000,"US",100,"US","L",13.3046849341983,"Data_Engineer",4,3,"US","US",1,0,0,0,0,0,0,0,0,0,0,0,0,0,0,1,0,0,0,0,0,0,1,1,6.77068204560961,2.44703372586953,0.735648056021002,2.04714300478436,1.19928162061945
2021,"EN","FT","Data Scientist",2100000,"INR",28399,"IN",100,"IN","M",10.2541092122618,"Data_Scientist",1,2,"IN","IN",0,1,0,0,0,0,0,0,0,0,0,0,0,0,1,0,0,0,0,0,0,1,0,1,-1.13738992825681,-1.41293323143863,0.735648056021002,-1.71223661938627,-0.293216431473038
2021,"MI","FT","Data Analyst",93000,"USD",93000,"US",100,"US","L",11.4403547721354,"Data_Analyst",2,3,"US","US",0,0,0,0,0,0,0,0,0,0,0,0,0,0,0,1,0,0,0,0,0,0,1,1,-0.243638242056566,0.0880518552252879,0.735648056021002,-0.459110077996058,1.19928162061945
2021,"SE","FT","Big Data Architect",125000,"CAD",99703,"CA",50,"CA","M",11.509951045768,"Data_Engineer",3,2,"CA","CA",1,0,0,0,0,0,0,0,0,1,0,0,0,0,0,0,1,0,0,0,0,0,0,1,-0.150902563776041,0.176113697008798,-0.486825919425663,0.79401646339415,-0.293216431473038
2021,"SE","FT","Principal Data Scientist",147000,"EUR",173762,"DE",100,"DE","M",12.0654418257904,"Data_Scientist",3,2,"DE","DE",0,1,0,0,0,0,0,0,0,0,1,0,0,0,0,0,0,1,0,0,0,0,0,1,0.873700091419757,0.878989564195743,0.735648056021002,0.79401646339415,-0.293216431473038
2021,"SE","FT","Machine Learning Engineer",185000,"USD",185000,"US",50,"US","L",12.1281111040605,"ML_AI_Engineer",3,3,"US","US",0,0,0,1,0,0,0,0,0,0,0,0,0,0,0,1,0,0,0,0,0,0,1,1,1.02917727365406,0.958286511857579,-0.486825919425663,0.79401646339415,1.19928162061945
2021,"EX","FT","Director of Data Science",120000,"EUR",141846,"DE",0,"DE","L",11.8624972410379,"Management_Lead",4,3,"DE","DE",0,0,1,0,0,0,0,0,0,0,1,0,0,0,0,0,0,1,0,0,0,0,0,1,0.432143787078231,0.622198891642923,-1.70929989487233,2.04714300478436,1.19928162061945
2021,"MI","FT","Data Scientist",130000,"USD",130000,"US",50,"US","L",11.7752897294377,"Data_Scientist",2,3,"US","US",0,1,0,0,0,0,0,0,0,0,0,0,0,0,0,1,0,0,0,0,0,0,1,1,0.26825495447923,0.511853126158403,-0.486825919425663,-0.459110077996058,1.19928162061945
2021,"SE","FT","Data Analyst",54000,"EUR",63831,"DE",50,"DE","L",11.0639942447418,"Data_Analyst",3,3,"DE","DE",0,0,0,0,0,0,0,0,0,0,1,0,0,0,0,0,0,1,0,0,0,0,0,1,-0.647189935293124,-0.388166187594521,-0.486825919425663,0.79401646339415,1.19928162061945
2021,"MI","FT","Data Scientist",1250000,"INR",16904,"IN",100,"IN","S",9.73530555929589,"Data_Scientist",2,1,"IN","IN",0,1,0,0,0,0,0,0,0,0,0,0,0,0,1,0,0,0,0,0,0,1,0,1,-1.29642269296435,-2.06938799287225,0.735648056021002,-0.459110077996058,-1.78571448356553
2021,"SE","FT","Machine Learning Engineer",4900000,"INR",66265,"IN",0,"IN","L",11.1014171333148,"ML_AI_Engineer",3,3,"IN","IN",0,0,0,1,0,0,0,0,0,0,0,0,0,0,1,0,0,0,0,0,0,1,0,1,-0.613515663931823,-0.340814105067974,-1.70929989487233,0.79401646339415,1.19928162061945
2021,"MI","FT","Data Scientist",21600,"EUR",25532,"RS",100,"DE","S",10.1476878463759,"Data_Scientist",2,1,"DE","Other",0,1,0,0,0,0,0,0,0,0,1,0,0,0,0,0,0,0,0,0,0,0,0,0,-1.1770547335127,-1.54759074966279,0.735648056021002,-0.459110077996058,-1.78571448356553
2021,"SE","FT","Lead Data Engineer",160000,"USD",160000,"PR",50,"US","S",11.982929094216,"Management_Lead",3,1,"US","Other",0,0,1,0,0,0,0,0,0,0,0,0,0,0,0,1,0,0,0,0,0,0,0,0,0.683303492210957,0.774584216987281,-0.486825919425663,0.79401646339415,-1.78571448356553
2021,"MI","FT","Data Engineer",93150,"USD",93150,"US",0,"US","M",11.4419663760297,"Data_Engineer",2,2,"US","US",1,0,0,0,0,0,0,0,0,0,0,0,0,0,0,1,0,0,0,0,0,0,1,1,-0.241562999367907,0.0900910564605476,-1.70929989487233,-0.459110077996058,-0.293216431473038
2021,"MI","FT","Data Engineer",111775,"USD",111775,"US",0,"US","M",11.6242432011022,"Data_Engineer",2,2,"US","US",1,0,0,0,0,0,0,0,0,0,0,0,0,0,0,1,0,0,0,0,0,0,1,1,0.0161129678072062,0.320730314749816,-1.70929989487233,-0.459110077996058,-0.293216431473038
2021,"MI","FT","Data Engineer",250000,"TRY",28016,"TR",100,"TR","M",10.2405310545256,"Data_Engineer",2,2,"Other","Other",1,0,0,0,0,0,0,0,0,0,0,0,0,0,0,0,0,0,0,0,0,0,0,1,-1.14268871458852,-1.43011400155546,0.735648056021002,-0.459110077996058,-0.293216431473038
2021,"EN","FT","Data Engineer",55000,"EUR",65013,"DE",50,"DE","M",11.0823425288804,"Data_Engineer",1,2,"DE","DE",1,0,0,0,0,0,0,0,0,0,1,0,0,0,0,0,0,1,0,0,0,0,0,1,-0.630837022906494,-0.364949661615816,-0.486825919425663,-1.71223661938627,-0.293216431473038
2021,"EN","FT","Data Engineer",72500,"USD",72500,"US",100,"US","L",11.1913418408428,"Data_Engineer",1,3,"US","US",1,0,0,0,0,0,0,0,0,0,0,0,0,0,0,1,0,0,0,0,0,0,1,1,-0.527254742839912,-0.227030206111589,0.735648056021002,-1.71223661938627,1.19928162061945
2021,"SE","FT","Computer Vision Engineer",102000,"BRL",18907,"BR",0,"BR","M",9.84728750284793,"ML_AI_Engineer",3,2,"Other","Other",0,0,0,1,0,0,0,0,0,0,0,0,0,0,0,0,0,0,0,0,0,0,0,1,-1.26871128559513,-1.92769454175817,-1.70929989487233,0.79401646339415,-0.293216431473038
2021,"EN","FT","Data Science Consultant",65000,"EUR",76833,"DE",0,"DE","L",11.2493895143465,"Other",1,3,"DE","DE",0,0,0,0,1,0,0,0,0,0,1,0,0,0,0,0,0,1,0,0,0,0,0,1,-0.467307899040193,-0.153581086307118,-1.70929989487233,-1.71223661938627,1.19928162061945
2021,"EN","FT","Machine Learning Engineer",85000,"USD",85000,"NL",100,"DE","S",11.3504065354725,"ML_AI_Engineer",1,1,"DE","Other",0,0,0,1,0,0,0,0,0,0,1,0,0,0,0,0,0,0,0,0,0,0,0,0,-0.35431785211836,-0.0257618157124323,0.735648056021002,-1.71223661938627,-1.78571448356553
2021,"SE","FT","Data Scientist",65720,"EUR",77684,"FR",50,"FR","M",11.2604045949453,"Data_Scientist",3,2,"FR","FR",0,1,0,0,0,0,0,0,0,0,0,0,1,0,0,0,0,0,0,1,0,0,0,1,-0.45553435551987,-0.139643439443355,-0.486825919425663,0.79401646339415,-0.293216431473038
2021,"EN","FT","Data Scientist",100000,"USD",100000,"US",100,"US","M",11.5129254649702,"Data_Scientist",1,2,"US","US",0,1,0,0,0,0,0,0,0,0,0,0,0,0,0,1,0,0,0,0,0,0,1,1,-0.146793583252496,0.179877301286861,0.735648056021002,-1.71223661938627,-0.293216431473038
2021,"EN","FT","Data Scientist",58000,"USD",58000,"US",50,"US","L",10.9681982895286,"Data_Scientist",1,3,"US","US",0,1,0,0,0,0,0,0,0,0,0,0,0,0,0,1,0,0,0,0,0,0,1,1,-0.727861536076914,-0.509379117700798,-0.486825919425663,-1.71223661938627,1.19928162061945
2021,"SE","FT","AI Scientist",55000,"USD",55000,"ES",100,"ES","L",10.9150884642146,"ML_AI_Engineer",3,3,"ES","ES",0,0,0,1,0,0,0,0,0,0,0,1,0,0,0,0,0,0,1,0,0,0,0,1,-0.769366389850086,-0.576580259225034,0.735648056021002,0.79401646339415,1.19928162061945
2021,"SE","FT","Data Scientist",180000,"TRY",20171,"TR",50,"TR","L",9.91200120830133,"Data_Scientist",3,3,"Other","Other",0,1,0,0,0,0,0,0,0,0,0,0,0,0,0,0,0,0,0,0,0,0,0,1,-1.25122390720536,-1.84581073112568,-0.486825919425663,0.79401646339415,1.19928162061945
2021,"EN","FT","Business Data Analyst",50000,"EUR",59102,"LU",100,"LU","L",10.9870200437691,"Data_Analyst",1,3,"Other","Other",0,0,0,0,0,0,0,0,0,0,0,0,0,0,0,0,0,0,0,0,0,0,0,1,-0.712615419790902,-0.485563498594933,0.735648056021002,-1.71223661938627,1.19928162061945
2021,"MI","FT","Data Engineer",112000,"USD",112000,"US",100,"US","L",11.6262541502772,"Data_Engineer",2,3,"US","US",1,0,0,0,0,0,0,0,0,0,0,0,0,0,0,1,0,0,0,0,0,0,1,1,0.0192258318401942,0.323274817190028,0.735648056021002,-0.459110077996058,1.19928162061945
2021,"EN","FT","Research Scientist",100000,"USD",100000,"JE",0,"CN","L",11.5129254649702,"Research",1,3,"Other","Other",0,0,0,0,0,1,0,0,0,0,0,0,0,0,0,0,0,0,0,0,0,0,0,0,-0.146793583252496,0.179877301286861,-1.70929989487233,-1.71223661938627,1.19928162061945
2021,"MI","PT","Data Engineer",59000,"EUR",69741,"NL",100,"NL","L",11.1525436591002,"Data_Engineer",2,3,"Other","Other",1,0,0,0,0,0,0,0,1,0,0,0,0,0,0,0,0,0,0,0,0,0,0,1,-0.565425373359974,-0.276122480220093,0.735648056021002,-0.459110077996058,1.19928162061945
2021,"SE","CT","Staff Data Scientist",105000,"USD",105000,"US",100,"US","M",11.5617156291397,"Data_Scientist",3,2,"US","US",0,1,0,0,0,0,1,0,0,0,0,0,0,0,0,1,0,0,0,0,0,0,1,1,-0.0776188269638754,0.241612671493012,0.735648056021002,0.79401646339415,-0.293216431473038
2021,"MI","FT","Research Scientist",69999,"USD",69999,"CZ",50,"CZ","L",11.1562362352152,"Research",2,3,"Other","Other",0,0,0,0,0,1,0,0,0,0,0,0,0,0,0,0,0,0,0,0,0,0,0,1,-0.561855955935481,-0.271450174697977,-0.486825919425663,-0.459110077996058,1.19928162061945
2021,"SE","FT","Data Science Manager",7000000,"INR",94665,"IN",50,"IN","L",11.4580996226864,"Management_Lead",3,3,"IN","IN",0,0,1,0,0,0,0,0,0,0,0,0,0,0,1,0,0,0,0,0,0,1,0,1,-0.220603048212455,0.110504842147365,-0.486825919425663,0.79401646339415,1.19928162061945
2021,"SE","FT","Head of Data",87000,"EUR",102839,"SI",100,"SI","L",11.5409199374897,"Management_Lead",3,3,"Other","Other",0,0,1,0,0,0,0,0,0,0,0,0,0,0,0,0,0,0,0,0,0,0,0,1,-0.107516156631817,0.215299381825738,0.735648056021002,0.79401646339415,1.19928162061945
2021,"MI","FT","Data Scientist",109000,"USD",109000,"US",50,"US","L",11.5991031612113,"Data_Scientist",2,3,"US","US",0,1,0,0,0,0,0,0,0,0,0,0,0,0,0,1,0,0,0,0,0,0,1,1,-0.0222790219329785,0.288920016586593,-0.486825919425663,-0.459110077996058,1.19928162061945
2021,"MI","FT","Machine Learning Engineer",43200,"EUR",51064,"IT",50,"IT","L",10.8408350269359,"ML_AI_Engineer",2,3,"Other","Other",0,0,0,1,0,0,0,0,0,0,0,0,0,0,0,0,0,0,0,0,0,0,0,1,-0.823820758000489,-0.670534922373157,-0.486825919425663,-0.459110077996058,1.19928162061945
2022,"SE","FT","Data Engineer",135000,"USD",135000,"US",100,"US","M",11.8130300574206,"Data_Engineer",3,2,"US","US",1,0,0,0,0,0,0,0,0,0,0,0,0,0,0,1,0,0,0,0,0,0,1,1,0.337429710767851,0.559606872418236,0.735648056021002,0.79401646339415,-0.293216431473038
2022,"SE","FT","Data Analyst",155000,"USD",155000,"US",100,"US","M",11.9511803959014,"Data_Analyst",3,2,"US","US",0,0,0,0,0,0,0,0,0,0,0,0,0,0,0,1,0,0,0,0,0,0,1,1,0.614128735922336,0.734411824100725,0.735648056021002,0.79401646339415,-0.293216431473038
2022,"SE","FT","Data Analyst",120600,"USD",120600,"US",100,"US","M",11.7002345632752,"Data_Analyst",3,2,"US","US",0,0,0,0,0,0,0,0,0,0,0,0,0,0,0,1,0,0,0,0,0,0,1,1,0.138206412656622,0.416884016137883,0.735648056021002,0.79401646339415,-0.293216431473038
2022,"MI","FT","Data Scientist",130000,"USD",130000,"US",0,"US","M",11.7752897294377,"Data_Scientist",2,2,"US","US",0,1,0,0,0,0,0,0,0,0,0,0,0,0,0,1,0,0,0,0,0,0,1,1,0.26825495447923,0.511853126158403,-1.70929989487233,-0.459110077996058,-0.293216431473038
2022,"MI","FT","Data Scientist",90000,"USD",90000,"US",0,"US","M",11.4075649493124,"Data_Scientist",2,2,"US","US",0,1,0,0,0,0,0,0,0,0,0,0,0,0,0,1,0,0,0,0,0,0,1,1,-0.285143095829739,0.0465621024148284,-1.70929989487233,-0.459110077996058,-0.293216431473038
2022,"MI","FT","Data Engineer",170000,"USD",170000,"US",100,"US","M",12.0435537160324,"Data_Engineer",2,2,"US","US",1,0,0,0,0,0,0,0,0,0,0,0,0,0,0,1,0,0,0,0,0,0,1,1,0.821653004788199,0.8512940115772,0.735648056021002,-0.459110077996058,-0.293216431473038
2022,"MI","FT","Data Engineer",150000,"USD",150000,"US",100,"US","M",11.9183905730784,"Data_Engineer",2,2,"US","US",1,0,0,0,0,0,0,0,0,0,0,0,0,0,0,1,0,0,0,0,0,0,1,1,0.544953979633715,0.692922071290266,0.735648056021002,-0.459110077996058,-0.293216431473038
2022,"SE","FT","Data Analyst",102100,"USD",102100,"US",100,"US","M",11.5337080041528,"Data_Analyst",3,2,"US","US",0,0,0,0,0,0,0,0,0,0,0,0,0,0,0,1,0,0,0,0,0,0,1,1,-0.117740185611276,0.206173948820198,0.735648056021002,0.79401646339415,-0.293216431473038
2022,"SE","FT","Data Analyst",84900,"USD",84900,"US",100,"US","M",11.3492293722994,"Data_Analyst",3,2,"US","US",0,0,0,0,0,0,0,0,0,0,0,0,0,0,0,1,0,0,0,0,0,0,1,1,-0.355701347244132,-0.0272513086361854,0.735648056021002,0.79401646339415,-0.293216431473038
2022,"SE","FT","Data Scientist",136620,"USD",136620,"US",100,"US","M",11.8249586282858,"Data_Scientist",3,2,"US","US",0,1,0,0,0,0,0,0,0,0,0,0,0,0,0,1,0,0,0,0,0,0,1,1,0.359842331805364,0.574700380524513,0.735648056021002,0.79401646339415,-0.293216431473038
2022,"SE","FT","Data Scientist",99360,"USD",99360,"US",100,"US","M",11.5065048971673,"Data_Scientist",3,2,"US","US",0,1,0,0,0,0,0,0,0,0,0,0,0,0,0,1,0,0,0,0,0,0,1,1,-0.15564795205744,0.171753202157563,0.735648056021002,0.79401646339415,-0.293216431473038
2022,"SE","FT","Data Scientist",90000,"GBP",117789,"GB",0,"GB","M",11.6766501672318,"Data_Scientist",3,2,"GB","GB",0,1,0,0,0,0,0,0,0,0,0,0,0,1,0,0,0,0,0,0,1,0,0,1,0.0993163646711597,0.387042111614351,-1.70929989487233,0.79401646339415,-0.293216431473038
2022,"SE","FT","Data Scientist",80000,"GBP",104702,"GB",0,"GB","M",11.5588734988729,"Data_Scientist",3,2,"GB","GB",0,1,0,0,0,0,0,0,0,0,0,0,0,1,0,0,0,0,0,0,1,0,0,1,-0.0817416424386772,0.238016455592179,-1.70929989487233,0.79401646339415,-0.293216431473038
2022,"SE","FT","Data Scientist",146000,"USD",146000,"US",100,"US","M",11.8913619006905,"Data_Scientist",3,2,"US","US",0,1,0,0,0,0,0,0,0,0,0,0,0,0,0,1,0,0,0,0,0,0,1,1,0.489614174602818,0.658722040926474,0.735648056021002,0.79401646339415,-0.293216431473038
2022,"SE","FT","Data Scientist",123000,"USD",123000,"US",100,"US","M",11.7199396343546,"Data_Scientist",3,2,"US","US",0,1,0,0,0,0,0,0,0,0,0,0,0,0,0,1,0,0,0,0,0,0,1,1,0.171410295675161,0.441817317321225,0.735648056021002,0.79401646339415,-0.293216431473038
2022,"EN","FT","Data Engineer",40000,"GBP",52351,"GB",100,"GB","M",10.865726318313,"Data_Engineer",1,2,"GB","GB",1,0,0,0,0,0,0,0,0,0,0,0,0,1,0,0,0,0,0,0,1,0,0,1,-0.806015175731798,-0.639039371697453,0.735648056021002,-1.71223661938627,-0.293216431473038
2022,"SE","FT","Data Analyst",99000,"USD",99000,"US",0,"US","M",11.5028751291167,"Data_Analyst",3,2,"US","US",0,0,0,0,0,0,0,0,0,0,0,0,0,0,0,1,0,0,0,0,0,0,1,1,-0.160628534510221,0.167160369192568,-1.70929989487233,0.79401646339415,-0.293216431473038
2022,"SE","FT","Data Analyst",116000,"USD",116000,"US",0,"US","M",11.6613454700885,"Data_Analyst",3,2,"US","US",0,0,0,0,0,0,0,0,0,0,0,0,0,0,0,1,0,0,0,0,0,0,1,1,0.0745656368710911,0.367676709588834,-1.70929989487233,0.79401646339415,-0.293216431473038
2022,"MI","FT","Data Analyst",106260,"USD",106260,"US",0,"US","M",11.5736442000049,"Data_Analyst",2,2,"US","US",0,0,0,0,0,0,0,0,0,0,0,0,0,0,0,1,0,0,0,0,0,0,1,1,-0.0601867883791428,0.256706179599291,-1.70929989487233,-0.459110077996058,-0.293216431473038
2022,"MI","FT","Data Analyst",126500,"USD",126500,"US",0,"US","M",11.7479975871497,"Data_Analyst",2,2,"US","US",0,0,0,0,0,0,0,0,0,0,0,0,0,0,0,1,0,0,0,0,0,0,1,1,0.219832625077195,0.47731972098235,-1.70929989487233,-0.459110077996058,-0.293216431473038
2022,"EX","FT","Data Engineer",242000,"USD",242000,"US",100,"US","M",12.3966930051388,"Data_Engineer",4,2,"US","US",1,0,0,0,0,0,0,0,0,0,0,0,0,0,0,1,0,0,0,0,0,0,1,1,1.81776949534434,1.29812966213197,0.735648056021002,2.04714300478436,-0.293216431473038
2022,"EX","FT","Data Engineer",200000,"USD",200000,"US",100,"US","M",12.2060726455302,"Data_Engineer",4,2,"US","US",1,0,0,0,0,0,0,0,0,0,0,0,0,0,0,1,0,0,0,0,0,0,1,1,1.23670154251993,1.05693312857649,0.735648056021002,2.04714300478436,-0.293216431473038
2022,"MI","FT","Data Scientist",50000,"GBP",65438,"GB",0,"GB","M",11.0888584084624,"Data_Scientist",2,2,"GB","GB",0,1,0,0,0,0,0,0,0,0,0,0,0,1,0,0,0,0,0,0,1,0,0,1,-0.624957168621961,-0.356704962196192,-1.70929989487233,-0.459110077996058,-0.293216431473038
2022,"MI","FT","Data Scientist",30000,"GBP",39263,"GB",0,"GB","M",10.5780378785637,"Data_Scientist",2,2,"GB","GB",0,1,0,0,0,0,0,0,0,0,0,0,0,1,0,0,0,0,0,0,1,0,0,1,-0.987087017792892,-1.00305848567869,-1.70929989487233,-0.459110077996058,-0.293216431473038
2022,"MI","FT","Data Engineer",60000,"GBP",78526,"GB",0,"GB","M",11.2711850591236,"Data_Engineer",2,2,"GB","GB",1,0,0,0,0,0,0,0,0,0,0,0,0,1,0,0,0,0,0,0,1,0,0,1,-0.443885326560866,-0.126002658389054,-1.70929989487233,-0.459110077996058,-0.293216431473038
2022,"MI","FT","Data Engineer",40000,"GBP",52351,"GB",0,"GB","M",10.865726318313,"Data_Engineer",2,2,"GB","GB",1,0,0,0,0,0,0,0,0,0,0,0,0,1,0,0,0,0,0,0,1,0,0,1,-0.806015175731798,-0.639039371697453,-1.70929989487233,-0.459110077996058,-0.293216431473038
2022,"SE","FT","Data Scientist",165220,"USD",165220,"US",100,"US","M",12.0150331981165,"Data_Scientist",3,2,"US","US",0,1,0,0,0,0,0,0,0,0,0,0,0,0,0,1,0,0,0,0,0,0,1,1,0.755521937776277,0.815206313124393,0.735648056021002,0.79401646339415,-0.293216431473038
2022,"EN","FT","Data Engineer",35000,"GBP",45807,"GB",100,"GB","M",10.7321921968516,"Data_Engineer",1,2,"GB","GB",1,0,0,0,0,0,0,0,0,0,0,0,0,1,0,0,0,0,0,0,1,0,0,1,-0.896551096762345,-0.808003312768505,0.735648056021002,-1.71223661938627,-0.293216431473038
2022,"SE","FT","Data Scientist",120160,"USD",120160,"US",100,"US","M",11.696579466998,"Data_Scientist",3,2,"US","US",0,1,0,0,0,0,0,0,0,0,0,0,0,0,0,1,0,0,0,0,0,0,1,1,0.132119034103224,0.412259134757444,0.735648056021002,0.79401646339415,-0.293216431473038
2022,"SE","FT","Data Analyst",90320,"USD",90320,"US",100,"US","M",11.4111141988235,"Data_Analyst",3,2,"US","US",0,0,0,0,0,0,0,0,0,0,0,0,0,0,0,1,0,0,0,0,0,0,1,1,-0.280715911427267,0.0510530533319731,0.735648056021002,0.79401646339415,-0.293216431473038
2022,"SE","FT","Data Engineer",181940,"USD",181940,"US",0,"US","M",12.1114322413761,"Data_Engineer",3,2,"US","US",1,0,0,0,0,0,0,0,0,0,0,0,0,0,0,1,0,0,0,0,0,0,1,1,0.986842322805426,0.937182345065602,-1.70929989487233,0.79401646339415,-0.293216431473038
2022,"SE","FT","Data Engineer",132320,"USD",132320,"US",0,"US","M",11.7929785102575,"Data_Engineer",3,2,"US","US",1,0,0,0,0,0,0,0,0,0,0,0,0,0,0,1,0,0,0,0,0,0,1,1,0.30035204139715,0.534235166698653,-1.70929989487233,0.79401646339415,-0.293216431473038
2022,"SE","FT","Data Engineer",220110,"USD",220110,"US",0,"US","M",12.3018827003761,"Data_Engineer",3,2,"US","US",1,0,0,0,0,0,0,0,0,0,0,0,0,0,0,1,0,0,0,0,0,0,1,1,1.51492241231276,1.17816389928773,-1.70929989487233,0.79401646339415,-0.293216431473038
2022,"SE","FT","Data Engineer",160080,"USD",160080,"US",0,"US","M",11.9834289692576,"Data_Engineer",3,2,"US","US",1,0,0,0,0,0,0,0,0,0,0,0,0,0,0,1,0,0,0,0,0,0,1,1,0.684410288311575,0.775216720920779,-1.70929989487233,0.79401646339415,-0.293216431473038
2022,"SE","FT","Data Scientist",180000,"USD",180000,"US",0,"US","L",12.1007121298723,"Data_Scientist",3,3,"US","US",0,1,0,0,0,0,0,0,0,0,0,0,0,0,0,1,0,0,0,0,0,0,1,1,0.960002517365441,0.923617929704461,-1.70929989487233,0.79401646339415,1.19928162061945
2022,"SE","FT","Data Scientist",120000,"USD",120000,"US",0,"US","L",11.6952470217642,"Data_Scientist",3,3,"US","US",0,1,0,0,0,0,0,0,0,0,0,0,0,0,0,1,0,0,0,0,0,0,1,1,0.129905441901988,0.410573159701056,-1.70929989487233,0.79401646339415,1.19928162061945
2022,"SE","FT","Data Analyst",124190,"USD",124190,"US",100,"US","M",11.7295679299421,"Data_Analyst",3,2,"US","US",0,0,0,0,0,0,0,0,0,0,0,0,0,0,0,1,0,0,0,0,0,0,1,1,0.187873887671852,0.454000231698923,0.735648056021002,0.79401646339415,-0.293216431473038
2022,"EX","FT","Data Analyst",130000,"USD",130000,"US",100,"US","M",11.7752897294377,"Data_Analyst",4,2,"US","US",0,0,0,0,0,0,0,0,0,0,0,0,0,0,0,1,0,0,0,0,0,0,1,1,0.26825495447923,0.511853126158403,0.735648056021002,2.04714300478436,-0.293216431473038
2022,"EX","FT","Data Analyst",110000,"USD",110000,"US",100,"US","M",11.6082356447746,"Data_Analyst",4,2,"US","US",0,0,0,0,0,0,0,0,0,0,0,0,0,0,0,1,0,0,0,0,0,0,1,1,-0.00844407067525427,0.300475568064598,0.735648056021002,2.04714300478436,-0.293216431473038
2022,"SE","FT","Data Analyst",170000,"USD",170000,"US",100,"US","M",12.0435537160324,"Data_Analyst",3,2,"US","US",0,0,0,0,0,0,0,0,0,0,0,0,0,0,0,1,0,0,0,0,0,0,1,1,0.821653004788199,0.8512940115772,0.735648056021002,0.79401646339415,-0.293216431473038
2022,"MI","FT","Data Analyst",115500,"USD",115500,"US",100,"US","M",11.657025808944,"Data_Analyst",2,2,"US","US",0,0,0,0,0,0,0,0,0,0,0,0,0,0,0,1,0,0,0,0,0,0,1,1,0.0676481612422289,0.36221093827075,0.735648056021002,-0.459110077996058,-0.293216431473038
2022,"SE","FT","Data Analyst",112900,"USD",112900,"US",100,"US","M",11.6342577501378,"Data_Analyst",3,2,"US","US",0,0,0,0,0,0,0,0,0,0,0,0,0,0,0,1,0,0,0,0,0,0,1,1,0.031677287972146,0.333401964921183,0.735648056021002,0.79401646339415,-0.293216431473038
2022,"SE","FT","Data Engineer",165400,"USD",165400,"US",100,"US","M",12.0161220615717,"Data_Engineer",3,2,"US","US",1,0,0,0,0,0,0,0,0,0,0,0,0,0,0,1,0,0,0,0,0,0,1,1,0.758012229002668,0.816584078287865,0.735648056021002,0.79401646339415,-0.293216431473038
2022,"SE","FT","Data Engineer",132320,"USD",132320,"US",100,"US","M",11.7929785102575,"Data_Engineer",3,2,"US","US",1,0,0,0,0,0,0,0,0,0,0,0,0,0,0,1,0,0,0,0,0,0,1,1,0.30035204139715,0.534235166698653,0.735648056021002,0.79401646339415,-0.293216431473038
2022,"MI","FT","Data Analyst",167000,"USD",167000,"US",100,"US","M",12.0257490913989,"Data_Analyst",2,2,"US","US",0,0,0,0,0,0,0,0,0,0,0,0,0,0,0,1,0,0,0,0,0,0,1,1,0.780148151015026,0.828765391068483,0.735648056021002,-0.459110077996058,-0.293216431473038
2022,"SE","FT","Data Engineer",243900,"USD",243900,"US",100,"US","M",12.404513584204,"Data_Engineer",3,2,"US","US",1,0,0,0,0,0,0,0,0,0,0,0,0,0,0,1,0,0,0,0,0,0,1,1,1.84405590273402,1.30802522924134,0.735648056021002,0.79401646339415,-0.293216431473038
2022,"SE","FT","Data Analyst",136600,"USD",136600,"US",100,"US","M",11.8248122261188,"Data_Analyst",3,2,"US","US",0,0,0,0,0,0,0,0,0,0,0,0,0,0,0,1,0,0,0,0,0,0,1,1,0.35956563278021,0.57451513433538,0.735648056021002,0.79401646339415,-0.293216431473038
2022,"SE","FT","Data Analyst",109280,"USD",109280,"US",100,"US","M",11.6016686748046,"Data_Analyst",3,2,"US","US",0,0,0,0,0,0,0,0,0,0,0,0,0,0,0,1,0,0,0,0,0,0,1,1,-0.0184052355808157,0.29216622274617,0.735648056021002,0.79401646339415,-0.293216431473038
2022,"SE","FT","Data Engineer",128875,"USD",128875,"US",100,"US","M",11.7665982213193,"Data_Engineer",3,2,"US","US",1,0,0,0,0,0,0,0,0,0,0,0,0,0,0,1,0,0,0,0,0,0,1,1,0.25269063431429,0.500855551534971,0.735648056021002,0.79401646339415,-0.293216431473038
2022,"SE","FT","Data Engineer",93700,"USD",93700,"US",100,"US","M",11.4478534682265,"Data_Engineer",3,2,"US","US",1,0,0,0,0,0,0,0,0,0,0,0,0,0,0,1,0,0,0,0,0,0,1,1,-0.233953776176159,0.0975401360525698,0.735648056021002,0.79401646339415,-0.293216431473038
2022,"EX","FT","Head of Data Science",224000,"USD",224000,"US",100,"US","M",12.3194013308372,"Management_Lead",4,2,"US","US",0,0,1,0,0,0,0,0,0,0,0,0,0,0,0,1,0,0,0,0,0,0,1,1,1.56874037270531,1.20033064447966,0.735648056021002,2.04714300478436,-0.293216431473038
2022,"EX","FT","Head of Data Science",167875,"USD",167875,"US",100,"US","M",12.0309749338255,"Management_Lead",4,2,"US","US",0,0,1,0,0,0,0,0,0,0,0,0,0,0,0,1,0,0,0,0,0,0,1,1,0.792253733365535,0.835377775395121,0.735648056021002,2.04714300478436,-0.293216431473038
2022,"EX","FT","Analytics Engineer",175000,"USD",175000,"US",100,"US","M",12.0725412529057,"Other",4,2,"US","US",0,0,0,0,1,0,0,0,0,0,0,0,0,0,0,1,0,0,0,0,0,0,1,1,0.89082776107682,0.887972640368449,0.735648056021002,2.04714300478436,-0.293216431473038
2022,"SE","FT","Data Engineer",156600,"USD",156600,"US",100,"US","M",11.9614500625388,"Data_Engineer",3,2,"US","US",1,0,0,0,0,0,0,0,0,0,0,0,0,0,0,1,0,0,0,0,0,0,1,1,0.636264657934694,0.747406280720207,0.735648056021002,0.79401646339415,-0.293216431473038
2022,"SE","FT","Data Engineer",108800,"USD",108800,"US",0,"US","M",11.597266613404,"Data_Engineer",3,2,"US","US",1,0,0,0,0,0,0,0,0,0,0,0,0,0,0,1,0,0,0,0,0,0,1,1,-0.0250460121845233,0.286596188398779,-1.70929989487233,0.79401646339415,-0.293216431473038
2022,"SE","FT","Data Scientist",95550,"USD",95550,"US",0,"US","M",11.4674049496684,"Data_Scientist",3,2,"US","US",0,1,0,0,0,0,0,0,0,0,0,0,0,0,0,1,0,0,0,0,0,0,1,1,-0.208359116349369,0.122279096567298,-1.70929989487233,0.79401646339415,-0.293216431473038
2022,"SE","FT","Data Engineer",113000,"USD",113000,"US",0,"US","L",11.6351430976945,"Data_Engineer",3,3,"US","US",1,0,0,0,0,0,0,0,0,0,0,0,0,0,0,1,0,0,0,0,0,0,1,1,0.0330607830979184,0.334522216515043,-1.70929989487233,0.79401646339415,1.19928162061945
2022,"SE","FT","Data Analyst",135000,"USD",135000,"US",100,"US","M",11.8130300574206,"Data_Analyst",3,2,"US","US",0,0,0,0,0,0,0,0,0,0,0,0,0,0,0,1,0,0,0,0,0,0,1,1,0.337429710767851,0.559606872418236,0.735648056021002,0.79401646339415,-0.293216431473038
2022,"SE","FT","Data Science Manager",161342,"USD",161342,"US",100,"US","M",11.9912816145961,"Management_Lead",3,2,"US","US",0,0,1,0,0,0,0,0,0,0,0,0,0,0,0,1,0,0,0,0,0,0,1,1,0.701869996798823,0.785152862258326,0.735648056021002,0.79401646339415,-0.293216431473038
2022,"SE","FT","Data Science Manager",137141,"USD",137141,"US",100,"US","M",11.8287648726303,"Management_Lead",3,2,"US","US",0,0,1,0,0,0,0,0,0,0,0,0,0,0,0,1,0,0,0,0,0,0,1,1,0.367050341410639,0.579516513195995,0.735648056021002,0.79401646339415,-0.293216431473038
2022,"SE","FT","Data Scientist",167000,"USD",167000,"US",100,"US","M",12.0257490913989,"Data_Scientist",3,2,"US","US",0,1,0,0,0,0,0,0,0,0,0,0,0,0,0,1,0,0,0,0,0,0,1,1,0.780148151015026,0.828765391068483,0.735648056021002,0.79401646339415,-0.293216431473038
2022,"SE","FT","Data Engineer",60000,"GBP",78526,"GB",0,"GB","M",11.2711850591236,"Data_Engineer",3,2,"GB","GB",1,0,0,0,0,0,0,0,0,0,0,0,0,1,0,0,0,0,0,0,1,0,0,1,-0.443885326560866,-0.126002658389054,-1.70929989487233,0.79401646339415,-0.293216431473038
2022,"SE","FT","Data Engineer",50000,"GBP",65438,"GB",0,"GB","M",11.0888584084624,"Data_Engineer",3,2,"GB","GB",1,0,0,0,0,0,0,0,0,0,0,0,0,1,0,0,0,0,0,0,1,0,0,1,-0.624957168621961,-0.356704962196192,-1.70929989487233,0.79401646339415,-0.293216431473038
2022,"SE","FT","Data Scientist",150000,"USD",150000,"US",0,"US","M",11.9183905730784,"Data_Scientist",3,2,"US","US",0,1,0,0,0,0,0,0,0,0,0,0,0,0,0,1,0,0,0,0,0,0,1,1,0.544953979633715,0.692922071290266,-1.70929989487233,0.79401646339415,-0.293216431473038
2022,"SE","FT","Data Scientist",211500,"USD",211500,"US",100,"US","M",12.2619802774685,"Data_Scientist",3,2,"US","US",0,1,0,0,0,0,0,0,0,0,0,0,0,0,0,1,0,0,0,0,0,0,1,1,1.39580348198375,1.12767440222899,0.735648056021002,0.79401646339415,-0.293216431473038
2022,"SE","FT","Data Architect",192400,"USD",192400,"CA",100,"CA","M",12.1673318172137,"Data_Engineer",3,2,"CA","CA",1,0,0,0,0,0,0,0,0,1,0,0,0,0,0,0,1,0,0,0,0,0,0,1,1.13155591296122,1.00791342513991,0.735648056021002,0.79401646339415,-0.293216431473038
2022,"SE","FT","Data Architect",90700,"USD",90700,"CA",100,"CA","M",11.4153126361032,"Data_Engineer",3,2,"CA","CA",1,0,0,0,0,0,0,0,0,1,0,0,0,0,0,0,1,0,0,0,0,0,0,1,-0.275458629949332,0.0563654371732831,0.735648056021002,0.79401646339415,-0.293216431473038
2022,"SE","FT","Data Analyst",130000,"USD",130000,"CA",100,"CA","M",11.7752897294377,"Data_Analyst",3,2,"CA","CA",0,0,0,0,0,0,0,0,0,1,0,0,0,0,0,0,1,0,0,0,0,0,0,1,0.26825495447923,0.511853126158403,0.735648056021002,0.79401646339415,-0.293216431473038
2022,"SE","FT","Data Analyst",61300,"USD",61300,"CA",100,"CA","M",11.0235351219243,"Data_Analyst",3,2,"CA","CA",0,0,0,0,0,0,0,0,0,1,0,0,0,0,0,0,1,0,0,0,0,0,0,1,-0.682206196926424,-0.439360090461545,0.735648056021002,0.79401646339415,-0.293216431473038
2022,"SE","FT","Data Engineer",160000,"USD",160000,"US",0,"US","L",11.982929094216,"Data_Engineer",3,3,"US","US",1,0,0,0,0,0,0,0,0,0,0,0,0,0,0,1,0,0,0,0,0,0,1,1,0.683303492210957,0.774584216987281,-1.70929989487233,0.79401646339415,1.19928162061945
2022,"SE","FT","Data Scientist",138600,"USD",138600,"US",100,"US","M",11.8393473657379,"Data_Scientist",3,2,"US","US",0,1,0,0,0,0,0,0,0,0,0,0,0,0,0,1,0,0,0,0,0,0,1,1,0.387235535295658,0.592906796684945,0.735648056021002,0.79401646339415,-0.293216431473038
2022,"SE","FT","Data Engineer",136000,"USD",136000,"US",0,"US","M",11.8204101647182,"Data_Engineer",3,2,"US","US",1,0,0,0,0,0,0,0,0,0,0,0,0,0,0,1,0,0,0,0,0,0,1,1,0.351264662025575,0.568945099987988,-1.70929989487233,0.79401646339415,-0.293216431473038
2022,"MI","FT","Data Analyst",58000,"USD",58000,"US",0,"US","S",10.9681982895286,"Data_Analyst",2,1,"US","US",0,0,0,0,0,0,0,0,0,0,0,0,0,0,0,1,0,0,0,0,0,0,1,1,-0.727861536076914,-0.509379117700798,-1.70929989487233,-0.459110077996058,-1.78571448356553
2022,"EX","FT","Analytics Engineer",135000,"USD",135000,"US",100,"US","M",11.8130300574206,"Other",4,2,"US","US",0,0,0,0,1,0,0,0,0,0,0,0,0,0,0,1,0,0,0,0,0,0,1,1,0.337429710767851,0.559606872418236,0.735648056021002,2.04714300478436,-0.293216431473038
2022,"SE","FT","Data Scientist",170000,"USD",170000,"US",100,"US","M",12.0435537160324,"Data_Scientist",3,2,"US","US",0,1,0,0,0,0,0,0,0,0,0,0,0,0,0,1,0,0,0,0,0,0,1,1,0.821653004788199,0.8512940115772,0.735648056021002,0.79401646339415,-0.293216431473038
2022,"SE","FT","Machine Learning Engineer",189650,"USD",189650,"US",0,"US","M",12.152935547117,"ML_AI_Engineer",3,2,"US","US",0,0,0,1,0,0,0,0,0,0,0,0,0,0,0,1,0,0,0,0,0,0,1,1,1.09350979700248,0.989697477742785,-1.70929989487233,0.79401646339415,-0.293216431473038
2022,"SE","FT","Machine Learning Engineer",164996,"USD",164996,"US",0,"US","M",12.0136765101646,"ML_AI_Engineer",3,2,"US","US",0,0,0,1,0,0,0,0,0,0,0,0,0,0,0,1,0,0,0,0,0,0,1,1,0.752422908694547,0.81348966317273,-1.70929989487233,0.79401646339415,-0.293216431473038
2022,"MI","FT","ETL Developer",50000,"EUR",54957,"GR",0,"GR","M",10.9143063402536,"Data_Engineer",2,2,"Other","Other",1,0,0,0,0,0,0,0,0,0,0,0,0,0,0,0,0,0,0,0,0,0,0,1,-0.769961292754168,-0.577569899516346,-1.70929989487233,-0.459110077996058,-0.293216431473038
2022,"EX","FT","Lead Data Engineer",150000,"CAD",118187,"CA",100,"CA","S",11.680023394826,"Management_Lead",4,1,"CA","CA",0,0,1,0,0,0,0,0,0,1,0,0,0,0,0,0,1,0,0,0,0,0,0,1,0.104822675271734,0.391310337759246,0.735648056021002,2.04714300478436,-1.78571448356553
2022,"SE","FT","Data Analyst",132000,"USD",132000,"US",0,"US","M",11.7905572015685,"Data_Analyst",3,2,"US","US",0,0,0,0,0,0,0,0,0,0,0,0,0,0,0,1,0,0,0,0,0,0,1,1,0.295924856994679,0.531171426478793,-1.70929989487233,0.79401646339415,-0.293216431473038
2022,"SE","FT","Data Architect",208775,"USD",208775,"US",100,"US","M",12.2490123960214,"Data_Engineer",3,2,"US","US",1,0,0,0,0,0,0,0,0,0,0,0,0,0,0,1,0,0,0,0,0,0,1,1,1.35810323980646,1.11126582940389,0.735648056021002,0.79401646339415,-0.293216431473038
2022,"SE","FT","Data Architect",147800,"USD",147800,"US",100,"US","M",11.9036152874962,"Data_Engineer",3,2,"US","US",1,0,0,0,0,0,0,0,0,0,0,0,0,0,0,1,0,0,0,0,0,0,1,1,0.514517086866721,0.674226546467921,0.735648056021002,0.79401646339415,-0.293216431473038
2022,"SE","FT","Data Engineer",136994,"USD",136994,"US",100,"US","M",11.8276924082308,"Data_Engineer",3,2,"US","US",1,0,0,0,0,0,0,0,0,0,0,0,0,0,0,1,0,0,0,0,0,0,1,1,0.365016603575753,0.578159498152733,0.735648056021002,0.79401646339415,-0.293216431473038
2022,"SE","FT","Data Engineer",101570,"USD",101570,"US",100,"US","M",11.5285034949335,"Data_Engineer",3,2,"US","US",1,0,0,0,0,0,0,0,0,0,0,0,0,0,0,1,0,0,0,0,0,0,1,1,-0.125072709777869,0.199588557914903,0.735648056021002,0.79401646339415,-0.293216431473038
2022,"SE","FT","Data Analyst",128875,"USD",128875,"US",100,"US","M",11.7665982213193,"Data_Analyst",3,2,"US","US",0,0,0,0,0,0,0,0,0,0,0,0,0,0,0,1,0,0,0,0,0,0,1,1,0.25269063431429,0.500855551534971,0.735648056021002,0.79401646339415,-0.293216431473038
2022,"SE","FT","Data Analyst",93700,"USD",93700,"US",100,"US","M",11.4478534682265,"Data_Analyst",3,2,"US","US",0,0,0,0,0,0,0,0,0,0,0,0,0,0,0,1,0,0,0,0,0,0,1,1,-0.233953776176159,0.0975401360525698,0.735648056021002,0.79401646339415,-0.293216431473038
2022,"EX","FT","Head of Machine Learning",6000000,"INR",79039,"IN",50,"IN","L",11.2776966805199,"Management_Lead",4,3,"IN","IN",0,0,1,0,0,0,0,0,0,0,0,0,0,0,1,0,0,0,0,0,0,1,0,1,-0.436787996565654,-0.117763346954393,-0.486825919425663,2.04714300478436,1.19928162061945
2022,"EN","FT","Machine Learning Engineer",28500,"GBP",37300,"GB",100,"GB","L",10.5267486056319,"ML_AI_Engineer",1,3,"GB","GB",0,0,0,1,0,0,0,0,0,0,0,0,0,1,0,0,0,0,0,0,1,0,0,1,-1.01424502711181,-1.06795603841185,0.735648056021002,-1.71223661938627,1.19928162061945
2022,"SE","FT","Data Analyst",164000,"USD",164000,"US",0,"US","M",12.0076217068063,"Data_Analyst",3,2,"US","US",0,0,0,0,0,0,0,0,0,0,0,0,0,0,0,1,0,0,0,0,0,0,1,1,0.738643297241854,0.80582837460745,-1.70929989487233,0.79401646339415,-0.293216431473038
2022,"SE","FT","Data Engineer",155000,"USD",155000,"US",100,"US","M",11.9511803959014,"Data_Engineer",3,2,"US","US",1,0,0,0,0,0,0,0,0,0,0,0,0,0,0,1,0,0,0,0,0,0,1,1,0.614128735922336,0.734411824100725,0.735648056021002,0.79401646339415,-0.293216431473038
2022,"MI","FT","Machine Learning Engineer",95000,"GBP",124333,"GB",0,"GB","M",11.7307187289891,"ML_AI_Engineer",2,2,"GB","GB",0,0,0,1,0,0,0,0,0,0,0,0,0,1,0,0,0,0,0,0,1,0,0,1,0.189852285701707,0.455456365458878,-1.70929989487233,-0.459110077996058,-0.293216431473038
2022,"MI","FT","Machine Learning Engineer",75000,"GBP",98158,"GB",0,"GB","M",11.4943337042791,"ML_AI_Engineer",2,2,"GB","GB",0,0,0,1,0,0,0,0,0,0,0,0,0,1,0,0,0,0,0,0,1,0,0,1,-0.172277563469224,0.156352698560266,-1.70929989487233,-0.459110077996058,-0.293216431473038
2022,"MI","FT","AI Scientist",120000,"USD",120000,"US",0,"US","M",11.6952470217642,"ML_AI_Engineer",2,2,"US","US",0,0,0,1,0,0,0,0,0,0,0,0,0,0,0,1,0,0,0,0,0,0,1,1,0.129905441901988,0.410573159701056,-1.70929989487233,-0.459110077996058,-0.293216431473038
2022,"SE","FT","Data Analytics Manager",145000,"USD",145000,"US",100,"US","M",11.8844890214027,"Management_Lead",3,2,"US","US",0,0,1,0,0,0,0,0,0,0,0,0,0,0,0,1,0,0,0,0,0,0,1,1,0.475779223345093,0.650025621178044,0.735648056021002,0.79401646339415,-0.293216431473038
2022,"SE","FT","Data Analytics Manager",105400,"USD",105400,"US",100,"US","M",11.5655179150894,"Management_Lead",3,2,"US","US",0,0,1,0,0,0,0,0,0,0,0,0,0,0,0,1,0,0,0,0,0,0,1,1,-0.0720848464607857,0.246423795512223,0.735648056021002,0.79401646339415,-0.293216431473038
2022,"MI","FT","Machine Learning Engineer",80000,"EUR",87932,"FR",100,"DE","M",11.38431906748,"ML_AI_Engineer",2,2,"DE","FR",0,0,0,1,0,0,0,0,0,0,1,0,0,0,0,0,0,0,0,1,0,0,0,0,-0.313753775030712,0.0171485280782523,0.735648056021002,-0.459110077996058,-0.293216431473038
2022,"MI","FT","Data Engineer",90000,"GBP",117789,"GB",0,"GB","M",11.6766501672318,"Data_Engineer",2,2,"GB","GB",1,0,0,0,0,0,0,0,0,0,0,0,0,1,0,0,0,0,0,0,1,0,0,1,0.0993163646711597,0.387042111614351,-1.70929989487233,-0.459110077996058,-0.293216431473038
2022,"SE","FT","Data Scientist",215300,"USD",215300,"US",100,"US","L",12.2797876833525,"Data_Scientist",3,3,"US","US",0,1,0,0,0,0,0,0,0,0,0,0,0,0,0,1,0,0,0,0,0,0,1,1,1.44837629676311,1.15020654192094,0.735648056021002,0.79401646339415,1.19928162061945
2022,"SE","FT","Data Scientist",158200,"USD",158200,"US",100,"US","L",11.9716153343157,"Data_Scientist",3,3,"US","US",0,1,0,0,0,0,0,0,0,0,0,0,0,0,0,1,0,0,0,0,0,0,1,1,0.658400579947053,0.76026864400742,0.735648056021002,0.79401646339415,1.19928162061945
2022,"SE","FT","Data Engineer",209100,"USD",209100,"US",100,"US","L",12.2505678854167,"Data_Engineer",3,3,"US","US",1,0,0,0,0,0,0,0,0,0,0,0,0,0,0,1,0,0,0,0,0,0,1,1,1.36259959896522,1.11323402761156,0.735648056021002,0.79401646339415,1.19928162061945
2022,"SE","FT","Data Engineer",154600,"USD",154600,"US",100,"US","L",11.9485964151355,"Data_Engineer",3,3,"US","US",1,0,0,0,0,0,0,0,0,0,0,0,0,0,0,1,0,0,0,0,0,0,1,1,0.608594755419246,0.73114225098275,0.735648056021002,0.79401646339415,1.19928162061945
2022,"SE","FT","Data Analyst",115934,"USD",115934,"US",0,"US","M",11.660776342649,"Data_Analyst",3,2,"US","US",0,0,0,0,0,0,0,0,0,0,0,0,0,0,0,1,0,0,0,0,0,0,1,1,0.0736525300880812,0.366956578927812,-1.70929989487233,0.79401646339415,-0.293216431473038
2022,"SE","FT","Data Analyst",81666,"USD",81666,"US",0,"US","M",11.3103930375601,"Data_Analyst",3,2,"US","US",0,0,0,0,0,0,0,0,0,0,0,0,0,0,0,1,0,0,0,0,0,0,1,1,-0.400443579611612,-0.0763918586506376,-1.70929989487233,0.79401646339415,-0.293216431473038
2022,"SE","FT","Data Engineer",175000,"USD",175000,"US",100,"US","M",12.0725412529057,"Data_Engineer",3,2,"US","US",1,0,0,0,0,0,0,0,0,0,0,0,0,0,0,1,0,0,0,0,0,0,1,1,0.89082776107682,0.887972640368449,0.735648056021002,0.79401646339415,-0.293216431473038
2022,"MI","FT","Data Engineer",75000,"GBP",98158,"GB",0,"GB","M",11.4943337042791,"Data_Engineer",2,2,"GB","GB",1,0,0,0,0,0,0,0,0,0,0,0,0,1,0,0,0,0,0,0,1,0,0,1,-0.172277563469224,0.156352698560266,-1.70929989487233,-0.459110077996058,-0.293216431473038
2022,"SE","FT","Data Engineer",183600,"USD",183600,"US",100,"US","L",12.1205147571685,"Data_Engineer",3,3,"US","US",1,0,0,0,0,0,0,0,0,0,0,0,0,0,0,1,0,0,0,0,0,0,1,1,1.00980834189325,0.948674671119363,0.735648056021002,0.79401646339415,1.19928162061945
2022,"MI","FT","Data Analyst",40000,"GBP",52351,"GB",100,"GB","M",10.865726318313,"Data_Analyst",2,2,"GB","GB",0,0,0,0,0,0,0,0,0,0,0,0,0,1,0,0,0,0,0,0,1,0,0,1,-0.806015175731798,-0.639039371697453,0.735648056021002,-0.459110077996058,-0.293216431473038
2022,"SE","FT","Data Scientist",180000,"USD",180000,"US",100,"US","M",12.1007121298723,"Data_Scientist",3,2,"US","US",0,1,0,0,0,0,0,0,0,0,0,0,0,0,0,1,0,0,0,0,0,0,1,1,0.960002517365441,0.923617929704461,0.735648056021002,0.79401646339415,-0.293216431473038
2022,"MI","FT","Data Scientist",55000,"GBP",71982,"GB",0,"GB","M",11.184171366743,"Data_Scientist",2,2,"GB","GB",0,1,0,0,0,0,0,0,0,0,0,0,0,1,0,0,0,0,0,0,1,0,0,1,-0.534421247591414,-0.236103179745504,-1.70929989487233,-0.459110077996058,-0.293216431473038
2022,"MI","FT","Data Scientist",35000,"GBP",45807,"GB",0,"GB","M",10.7321921968516,"Data_Scientist",2,2,"GB","GB",0,1,0,0,0,0,0,0,0,0,0,0,0,1,0,0,0,0,0,0,1,0,0,1,-0.896551096762345,-0.808003312768505,-1.70929989487233,-0.459110077996058,-0.293216431473038
2022,"MI","FT","Data Engineer",60000,"EUR",65949,"GR",100,"GR","M",11.0966369950282,"Data_Engineer",2,2,"Other","Other",1,0,0,0,0,0,0,0,0,0,0,0,0,0,0,0,0,0,0,0,0,0,0,1,-0.617887508529264,-0.346862529207973,0.735648056021002,-0.459110077996058,-0.293216431473038
2022,"MI","FT","Data Engineer",45000,"EUR",49461,"GR",100,"GR","M",10.8089397592293,"Data_Engineer",2,2,"Other","Other",1,0,0,0,0,0,0,0,0,0,0,0,0,0,0,0,0,0,0,0,0,0,0,1,-0.845998184866621,-0.710892773042684,0.735648056021002,-0.459110077996058,-0.293216431473038
2022,"MI","FT","Data Engineer",60000,"GBP",78526,"GB",100,"GB","M",11.2711850591236,"Data_Engineer",2,2,"GB","GB",1,0,0,0,0,0,0,0,0,0,0,0,0,1,0,0,0,0,0,0,1,0,0,1,-0.443885326560866,-0.126002658389054,0.735648056021002,-0.459110077996058,-0.293216431473038
2022,"MI","FT","Data Engineer",45000,"GBP",58894,"GB",100,"GB","M",10.9834944968787,"Data_Engineer",2,2,"GB","GB",1,0,0,0,0,0,0,0,0,0,0,0,0,1,0,0,0,0,0,0,1,0,0,1,-0.715493089652508,-0.49002445801509,0.735648056021002,-0.459110077996058,-0.293216431473038
2022,"SE","FT","Data Scientist",260000,"USD",260000,"US",100,"US","M",12.4684369099977,"Data_Scientist",3,2,"US","US",0,1,0,0,0,0,0,0,0,0,0,0,0,0,0,1,0,0,0,0,0,0,1,1,2.06679861798338,1.38890895344803,0.735648056021002,0.79401646339415,-0.293216431473038
2022,"SE","FT","Data Science Engineer",60000,"USD",60000,"AR",100,"MX","L",11.0020998412042,"Data_Engineer",3,3,"Other","Other",1,0,0,0,0,0,0,0,0,0,0,0,0,0,0,0,0,0,0,0,0,0,0,0,-0.700191633561465,-0.466482667588577,0.735648056021002,0.79401646339415,1.19928162061945
2022,"MI","FT","Data Engineer",63900,"USD",63900,"US",0,"US","M",11.0650746403656,"Data_Engineer",2,2,"US","US",1,0,0,0,0,0,0,0,0,0,0,0,0,0,0,1,0,0,0,0,0,0,1,1,-0.646235323656341,-0.386799136982174,-1.70929989487233,-0.459110077996058,-0.293216431473038
2022,"MI","FT","Machine Learning Scientist",160000,"USD",160000,"US",100,"US","L",11.982929094216,"ML_AI_Engineer",2,3,"US","US",0,0,0,1,0,0,0,0,0,0,0,0,0,0,0,1,0,0,0,0,0,0,1,1,0.683303492210957,0.774584216987281,0.735648056021002,-0.459110077996058,1.19928162061945
2022,"MI","FT","Machine Learning Scientist",112300,"USD",112300,"US",100,"US","L",11.6289291407265,"ML_AI_Engineer",2,3,"US","US",0,0,0,1,0,0,0,0,0,0,0,0,0,0,0,1,0,0,0,0,0,0,1,1,0.0233763172175114,0.326659547053041,0.735648056021002,-0.459110077996058,1.19928162061945
2022,"MI","FT","Data Science Manager",241000,"USD",241000,"US",100,"US","M",12.3925522124728,"Management_Lead",2,2,"US","US",0,0,1,0,0,0,0,0,0,0,0,0,0,0,0,1,0,0,0,0,0,0,1,1,1.80393454408662,1.29289021740912,0.735648056021002,-0.459110077996058,-0.293216431473038
2022,"MI","FT","Data Science Manager",159000,"USD",159000,"US",100,"US","M",11.9766594812024,"Management_Lead",2,2,"US","US",0,0,1,0,0,0,0,0,0,0,0,0,0,0,0,1,0,0,0,0,0,0,1,1,0.669468540953232,0.766651124589816,0.735648056021002,-0.459110077996058,-0.293216431473038
2022,"SE","FT","Data Scientist",180000,"USD",180000,"US",0,"US","M",12.1007121298723,"Data_Scientist",3,2,"US","US",0,1,0,0,0,0,0,0,0,0,0,0,0,0,0,1,0,0,0,0,0,0,1,1,0.960002517365441,0.923617929704461,-1.70929989487233,0.79401646339415,-0.293216431473038
2022,"SE","FT","Data Scientist",80000,"USD",80000,"US",0,"US","M",11.289781913656,"Data_Scientist",3,2,"US","US",0,1,0,0,0,0,0,0,0,0,0,0,0,0,0,1,0,0,0,0,0,0,1,1,-0.423492608406981,-0.102471610302351,-1.70929989487233,0.79401646339415,-0.293216431473038
2022,"MI","FT","Data Engineer",82900,"USD",82900,"US",0,"US","M",11.3253903411234,"Data_Engineer",2,2,"US","US",1,0,0,0,0,0,0,0,0,0,0,0,0,0,0,1,0,0,0,0,0,0,1,1,-0.383371249759581,-0.0574154091278095,-1.70929989487233,-0.459110077996058,-0.293216431473038
2022,"SE","FT","Data Engineer",100800,"USD",100800,"US",100,"US","L",11.5208936346194,"Data_Engineer",3,3,"US","US",1,0,0,0,0,0,0,0,0,0,0,0,0,0,0,1,0,0,0,0,0,0,1,1,-0.135725622246317,0.189959618317995,0.735648056021002,0.79401646339415,1.19928162061945
2022,"MI","FT","Data Engineer",45000,"EUR",49461,"ES",100,"ES","M",10.8089397592293,"Data_Engineer",2,2,"ES","ES",1,0,0,0,0,0,0,0,0,0,0,1,0,0,0,0,0,0,1,0,0,0,0,1,-0.845998184866621,-0.710892773042684,0.735648056021002,-0.459110077996058,-0.293216431473038
2022,"SE","FT","Data Scientist",140400,"USD",140400,"US",0,"US","L",11.8522507705738,"Data_Scientist",3,3,"US","US",0,1,0,0,0,0,0,0,0,0,0,0,0,0,0,1,0,0,0,0,0,0,1,1,0.412138447559562,0.609233785700566,-1.70929989487233,0.79401646339415,1.19928162061945
2022,"MI","FT","Data Analyst",30000,"GBP",39263,"GB",100,"GB","M",10.5780378785637,"Data_Analyst",2,2,"GB","GB",0,0,0,0,0,0,0,0,0,0,0,0,0,1,0,0,0,0,0,0,1,0,0,1,-0.987087017792892,-1.00305848567869,0.735648056021002,-0.459110077996058,-0.293216431473038
2022,"MI","FT","Data Analyst",40000,"EUR",43966,"ES",100,"ES","M",10.6911718869201,"Data_Analyst",2,2,"ES","ES",0,0,0,0,0,0,0,0,0,0,0,1,0,0,0,0,0,0,1,0,0,0,0,1,-0.922021242027815,-0.85990729921138,0.735648056021002,-0.459110077996058,-0.293216431473038
2022,"MI","FT","Data Analyst",30000,"EUR",32974,"ES",100,"ES","M",10.4034746511211,"Data_Analyst",2,2,"ES","ES",0,0,0,0,0,0,0,0,0,0,0,1,0,0,0,0,0,0,1,0,0,0,0,1,-1.07409502625272,-1.22393754304609,0.735648056021002,-0.459110077996058,-0.293216431473038
2022,"MI","FT","Data Engineer",80000,"EUR",87932,"ES",100,"ES","M",11.38431906748,"Data_Engineer",2,2,"ES","ES",1,0,0,0,0,0,0,0,0,0,0,1,0,0,0,0,0,0,1,0,0,0,0,1,-0.313753775030712,0.0171485280782523,0.735648056021002,-0.459110077996058,-0.293216431473038
2022,"MI","FT","Data Engineer",70000,"EUR",76940,"ES",100,"ES","M",11.2507811763063,"Data_Engineer",2,2,"ES","ES",1,0,0,0,0,0,0,0,0,0,0,1,0,0,0,0,0,0,1,0,0,0,0,1,-0.465827559255617,-0.151820182900658,0.735648056021002,-0.459110077996058,-0.293216431473038
2022,"MI","FT","Data Engineer",80000,"GBP",104702,"GB",100,"GB","M",11.5588734988729,"Data_Engineer",2,2,"GB","GB",1,0,0,0,0,0,0,0,0,0,0,0,0,1,0,0,0,0,0,0,1,0,0,1,-0.0817416424386772,0.238016455592179,0.735648056021002,-0.459110077996058,-0.293216431473038
2022,"MI","FT","Data Engineer",70000,"GBP",91614,"GB",100,"GB","M",11.4253393774116,"Data_Engineer",2,2,"GB","GB",1,0,0,0,0,0,0,0,0,0,0,0,0,1,0,0,0,0,0,0,1,0,0,1,-0.262813484499772,0.0690525145211277,0.735648056021002,-0.459110077996058,-0.293216431473038
2022,"MI","FT","Data Engineer",60000,"EUR",65949,"ES",100,"ES","M",11.0966369950282,"Data_Engineer",2,2,"ES","ES",1,0,0,0,0,0,0,0,0,0,0,1,0,0,0,0,0,0,1,0,0,0,0,1,-0.617887508529264,-0.346862529207973,0.735648056021002,-0.459110077996058,-0.293216431473038
2022,"MI","FT","Data Engineer",80000,"EUR",87932,"GR",100,"GR","M",11.38431906748,"Data_Engineer",2,2,"Other","Other",1,0,0,0,0,0,0,0,0,0,0,0,0,0,0,0,0,0,0,0,0,0,0,1,-0.313753775030712,0.0171485280782523,0.735648056021002,-0.459110077996058,-0.293216431473038
2022,"MI","FT","Data Analyst",40000,"EUR",43966,"GR",100,"GR","M",10.6911718869201,"Data_Analyst",2,2,"Other","Other",0,0,0,0,0,0,0,0,0,0,0,0,0,0,0,0,0,0,0,0,0,0,0,1,-0.922021242027815,-0.85990729921138,0.735648056021002,-0.459110077996058,-0.293216431473038
2022,"MI","FT","Data Analyst",30000,"EUR",32974,"GR",100,"GR","M",10.4034746511211,"Data_Analyst",2,2,"Other","Other",0,0,0,0,0,0,0,0,0,0,0,0,0,0,0,0,0,0,0,0,0,0,0,1,-1.07409502625272,-1.22393754304609,0.735648056021002,-0.459110077996058,-0.293216431473038
2022,"MI","FT","Data Engineer",75000,"GBP",98158,"GB",100,"GB","M",11.4943337042791,"Data_Engineer",2,2,"GB","GB",1,0,0,0,0,0,0,0,0,0,0,0,0,1,0,0,0,0,0,0,1,0,0,1,-0.172277563469224,0.156352698560266,0.735648056021002,-0.459110077996058,-0.293216431473038
2022,"SE","FT","Data Scientist",215300,"USD",215300,"US",0,"US","L",12.2797876833525,"Data_Scientist",3,3,"US","US",0,1,0,0,0,0,0,0,0,0,0,0,0,0,0,1,0,0,0,0,0,0,1,1,1.44837629676311,1.15020654192094,-1.70929989487233,0.79401646339415,1.19928162061945
2022,"MI","FT","Data Engineer",70000,"EUR",76940,"GR",100,"GR","M",11.2507811763063,"Data_Engineer",2,2,"Other","Other",1,0,0,0,0,0,0,0,0,0,0,0,0,0,0,0,0,0,0,0,0,0,0,1,-0.465827559255617,-0.151820182900658,0.735648056021002,-0.459110077996058,-0.293216431473038
2022,"SE","FT","Data Engineer",180000,"USD",180000,"US",100,"US","M",12.1007121298723,"Data_Engineer",3,2,"US","US",1,0,0,0,0,0,0,0,0,0,0,0,0,0,0,1,0,0,0,0,0,0,1,1,0.960002517365441,0.923617929704461,0.735648056021002,0.79401646339415,-0.293216431473038
2022,"EN","FT","ML Engineer",20000,"EUR",21983,"PT",100,"PT","L",9.99802470636012,"ML_AI_Engineer",1,3,"Other","Other",0,0,0,1,0,0,0,0,0,0,0,0,0,0,0,0,0,0,0,0,0,0,0,1,-1.22615497552637,-1.73696312650101,0.735648056021002,-1.71223661938627,1.19928162061945
2022,"SE","FT","Data Engineer",80000,"USD",80000,"US",100,"US","M",11.289781913656,"Data_Engineer",3,2,"US","US",1,0,0,0,0,0,0,0,0,0,0,0,0,0,0,1,0,0,0,0,0,0,1,1,-0.423492608406981,-0.102471610302351,0.735648056021002,0.79401646339415,-0.293216431473038
2022,"MI","FT","Machine Learning Developer",100000,"CAD",78791,"CA",100,"CA","M",11.2745540561252,"ML_AI_Engineer",2,2,"CA","CA",0,0,0,1,0,0,0,0,0,1,0,0,0,0,0,0,1,0,0,0,0,0,0,1,-0.440219064477569,-0.12173978531501,0.735648056021002,-0.459110077996058,-0.293216431473038
2022,"EX","FT","Director of Data Science",250000,"CAD",196979,"CA",50,"CA","L",12.1908524030533,"Management_Lead",4,3,"CA","CA",0,0,1,0,0,0,0,0,0,1,0,0,0,0,0,0,1,0,0,0,0,0,0,1,1.19490615477034,1.03767458907506,-0.486825919425663,2.04714300478436,1.19928162061945
2022,"MI","FT","Machine Learning Engineer",120000,"USD",120000,"US",100,"US","S",11.6952470217642,"ML_AI_Engineer",2,1,"US","US",0,0,0,1,0,0,0,0,0,0,0,0,0,0,0,1,0,0,0,0,0,0,1,1,0.129905441901988,0.410573159701056,0.735648056021002,-0.459110077996058,-1.78571448356553
2022,"EN","FT","Computer Vision Engineer",125000,"USD",125000,"US",0,"US","M",11.7360690162844,"ML_AI_Engineer",1,2,"US","US",0,0,0,1,0,0,0,0,0,0,0,0,0,0,0,1,0,0,0,0,0,0,1,1,0.199080198190609,0.46222621287607,-1.70929989487233,-1.71223661938627,-0.293216431473038
2022,"MI","FT","NLP Engineer",240000,"CNY",37236,"US",50,"US","L",10.5250313142364,"ML_AI_Engineer",2,3,"US","US",0,0,0,1,0,0,0,0,0,0,0,0,0,0,0,1,0,0,0,0,0,0,1,1,-1.0151304639923,-1.07012896858865,-0.486825919425663,-0.459110077996058,1.19928162061945
2022,"SE","FT","Data Engineer",105000,"USD",105000,"US",100,"US","M",11.5617156291397,"Data_Engineer",3,2,"US","US",1,0,0,0,0,0,0,0,0,0,0,0,0,0,0,1,0,0,0,0,0,0,1,1,-0.0776188269638754,0.241612671493012,0.735648056021002,0.79401646339415,-0.293216431473038
2022,"SE","FT","Lead Machine Learning Engineer",80000,"EUR",87932,"DE",0,"DE","M",11.38431906748,"Management_Lead",3,2,"DE","DE",0,0,1,0,0,0,0,0,0,0,1,0,0,0,0,0,0,1,0,0,0,0,0,1,-0.313753775030712,0.0171485280782523,-1.70929989487233,0.79401646339415,-0.293216431473038
2022,"MI","FT","Business Data Analyst",1400000,"INR",18442,"IN",100,"IN","M",9.82238595109909,"Data_Analyst",2,2,"IN","IN",0,0,0,0,0,0,0,0,0,0,0,0,0,0,1,0,0,0,0,0,0,1,0,1,-1.27514453792997,-1.95920307512944,0.735648056021002,-0.459110077996058,-0.293216431473038
2022,"MI","FT","Data Scientist",2400000,"INR",31615,"IN",100,"IN","L",10.3613869704927,"Data_Scientist",2,3,"IN","IN",0,1,0,0,0,0,0,0,0,0,0,0,0,0,1,0,0,0,0,0,0,1,0,1,-1.09289672501197,-1.27719209934744,0.735648056021002,-0.459110077996058,1.19928162061945
2022,"MI","FT","Machine Learning Infrastructure Engineer",53000,"EUR",58255,"PT",50,"PT","L",10.972585204654,"ML_AI_Engineer",2,3,"Other","Other",0,0,0,1,0,0,0,0,0,0,0,0,0,0,0,0,0,0,0,0,0,0,0,1,-0.724333623506194,-0.503828248300272,-0.486825919425663,-0.459110077996058,1.19928162061945
2022,"EN","FT","Financial Data Analyst",100000,"USD",100000,"US",50,"US","L",11.5129254649702,"Data_Analyst",1,3,"US","US",0,0,0,0,0,0,0,0,0,0,0,0,0,0,0,1,0,0,0,0,0,0,1,1,-0.146793583252496,0.179877301286861,-0.486825919425663,-1.71223661938627,1.19928162061945
2022,"MI","PT","Data Engineer",50000,"EUR",54957,"DE",50,"DE","L",10.9143063402536,"Data_Engineer",2,3,"DE","DE",1,0,0,0,0,0,0,0,1,0,1,0,0,0,0,0,0,1,0,0,0,0,0,1,-0.769961292754168,-0.577569899516346,-0.486825919425663,-0.459110077996058,1.19928162061945
2022,"EN","FT","Data Scientist",1400000,"INR",18442,"IN",100,"IN","M",9.82238595109909,"Data_Scientist",1,2,"IN","IN",0,1,0,0,0,0,0,0,0,0,0,0,0,0,1,0,0,0,0,0,0,1,0,1,-1.27514453792997,-1.95920307512944,0.735648056021002,-1.71223661938627,-0.293216431473038
2022,"SE","FT","Principal Data Scientist",148000,"EUR",162674,"DE",100,"DE","M",11.9995034771182,"Data_Scientist",3,2,"DE","DE",0,1,0,0,0,0,0,0,0,0,1,0,0,0,0,0,0,1,0,0,0,0,0,1,0.720298151874111,0.795556182993716,0.735648056021002,0.79401646339415,-0.293216431473038
2022,"EN","FT","Data Engineer",120000,"USD",120000,"US",100,"US","M",11.6952470217642,"Data_Engineer",1,2,"US","US",1,0,0,0,0,0,0,0,0,0,0,0,0,0,0,1,0,0,0,0,0,0,1,1,0.129905441901988,0.410573159701056,0.735648056021002,-1.71223661938627,-0.293216431473038
2022,"SE","FT","Research Scientist",144000,"USD",144000,"US",50,"US","L",11.8775685785581,"Research",3,3,"US","US",0,0,0,0,0,1,0,0,0,0,0,0,0,0,0,1,0,0,0,0,0,0,1,1,0.461944272087369,0.641269018115251,-0.486825919425663,0.79401646339415,1.19928162061945
2022,"SE","FT","Data Scientist",104890,"USD",104890,"US",100,"US","M",11.5606674609556,"Data_Scientist",3,2,"US","US",0,1,0,0,0,0,0,0,0,0,0,0,0,0,0,1,0,0,0,0,0,0,1,1,-0.079140671602225,0.240286399036671,0.735648056021002,0.79401646339415,-0.293216431473038
2022,"SE","FT","Data Engineer",100000,"USD",100000,"US",100,"US","M",11.5129254649702,"Data_Engineer",3,2,"US","US",1,0,0,0,0,0,0,0,0,0,0,0,0,0,0,1,0,0,0,0,0,0,1,1,-0.146793583252496,0.179877301286861,0.735648056021002,0.79401646339415,-0.293216431473038
2022,"SE","FT","Data Scientist",140000,"USD",140000,"US",100,"US","M",11.8493977015914,"Data_Scientist",3,2,"US","US",0,1,0,0,0,0,0,0,0,0,0,0,0,0,0,1,0,0,0,0,0,0,1,1,0.406604467056472,0.605623728779237,0.735648056021002,0.79401646339415,-0.293216431473038
2022,"MI","FT","Data Analyst",135000,"USD",135000,"US",100,"US","M",11.8130300574206,"Data_Analyst",2,2,"US","US",0,0,0,0,0,0,0,0,0,0,0,0,0,0,0,1,0,0,0,0,0,0,1,1,0.337429710767851,0.559606872418236,0.735648056021002,-0.459110077996058,-0.293216431473038
2022,"MI","FT","Data Analyst",50000,"USD",50000,"US",100,"US","M",10.8197782844103,"Data_Analyst",2,2,"US","US",0,0,0,0,0,0,0,0,0,0,0,0,0,0,0,1,0,0,0,0,0,0,1,1,-0.838541146138707,-0.697178526002772,0.735648056021002,-0.459110077996058,-0.293216431473038
2022,"SE","FT","Data Scientist",220000,"USD",220000,"US",100,"US","M",12.3013828253345,"Data_Scientist",3,2,"US","US",0,1,0,0,0,0,0,0,0,0,0,0,0,0,0,1,0,0,0,0,0,0,1,1,1.51340056767441,1.17753139535423,0.735648056021002,0.79401646339415,-0.293216431473038
2022,"MI","FT","Data Scientist",140000,"GBP",183228,"GB",0,"GB","M",12.1184865579715,"Data_Scientist",2,2,"GB","GB",0,1,0,0,0,0,0,0,0,0,0,0,0,1,0,0,0,0,0,0,1,0,0,1,1.00466174002537,0.94610834181076,-1.70929989487233,-0.459110077996058,-0.293216431473038
2022,"MI","FT","Data Scientist",70000,"GBP",91614,"GB",0,"GB","M",11.4253393774116,"Data_Scientist",2,2,"GB","GB",0,1,0,0,0,0,0,0,0,0,0,0,0,1,0,0,0,0,0,0,1,0,0,1,-0.262813484499772,0.0690525145211277,-1.70929989487233,-0.459110077996058,-0.293216431473038
2022,"SE","FT","Data Scientist",185100,"USD",185100,"US",100,"US","M",12.1286514985616,"Data_Scientist",3,2,"US","US",0,1,0,0,0,0,0,0,0,0,0,0,0,0,0,1,0,0,0,0,0,0,1,1,1.03056076877983,0.958970286039369,0.735648056021002,0.79401646339415,-0.293216431473038
2022,"SE","FT","Machine Learning Engineer",220000,"USD",220000,"US",100,"US","M",12.3013828253345,"ML_AI_Engineer",3,2,"US","US",0,0,0,1,0,0,0,0,0,0,0,0,0,0,0,1,0,0,0,0,0,0,1,1,1.51340056767441,1.17753139535423,0.735648056021002,0.79401646339415,-0.293216431473038
2022,"MI","FT","Data Scientist",200000,"USD",200000,"US",100,"US","M",12.2060726455302,"Data_Scientist",2,2,"US","US",0,1,0,0,0,0,0,0,0,0,0,0,0,0,0,1,0,0,0,0,0,0,1,1,1.23670154251993,1.05693312857649,0.735648056021002,-0.459110077996058,-0.293216431473038
2022,"MI","FT","Data Scientist",120000,"USD",120000,"US",100,"US","M",11.6952470217642,"Data_Scientist",2,2,"US","US",0,1,0,0,0,0,0,0,0,0,0,0,0,0,0,1,0,0,0,0,0,0,1,1,0.129905441901988,0.410573159701056,0.735648056021002,-0.459110077996058,-0.293216431473038
2022,"SE","FT","Machine Learning Engineer",120000,"USD",120000,"AE",100,"AE","S",11.6952470217642,"ML_AI_Engineer",3,1,"Other","Other",0,0,0,1,0,0,0,0,0,0,0,0,0,0,0,0,0,0,0,0,0,0,0,1,0.129905441901988,0.410573159701056,0.735648056021002,0.79401646339415,-1.78571448356553
2022,"SE","FT","Machine Learning Engineer",65000,"USD",65000,"AE",100,"AE","S",11.0821425488778,"ML_AI_Engineer",3,1,"Other","Other",0,0,0,1,0,0,0,0,0,0,0,0,0,0,0,0,0,0,0,0,0,0,0,1,-0.631016877272844,-0.36520270113123,0.735648056021002,0.79401646339415,-1.78571448356553
2022,"EX","FT","Data Engineer",324000,"USD",324000,"US",100,"US","M",12.6884987947745,"Data_Engineer",4,2,"US","US",1,0,0,0,0,0,0,0,0,0,0,0,0,0,0,1,0,0,0,0,0,0,1,1,2.95223549847773,1.66735855812206,0.735648056021002,2.04714300478436,-0.293216431473038
2022,"EX","FT","Data Engineer",216000,"USD",216000,"US",100,"US","M",12.2830336866663,"Data_Engineer",4,2,"US","US",1,0,0,0,0,0,0,0,0,0,0,0,0,0,0,1,0,0,0,0,0,0,1,1,1.45806076264351,1.15431378811866,0.735648056021002,2.04714300478436,-0.293216431473038
2022,"SE","FT","Data Engineer",210000,"USD",210000,"US",100,"US","M",12.2548628096996,"Data_Engineer",3,2,"US","US",1,0,0,0,0,0,0,0,0,0,0,0,0,0,0,1,0,0,0,0,0,0,1,1,1.37505105509717,1.11866849878264,0.735648056021002,0.79401646339415,-0.293216431473038
2022,"SE","FT","Machine Learning Engineer",120000,"USD",120000,"US",100,"US","M",11.6952470217642,"ML_AI_Engineer",3,2,"US","US",0,0,0,1,0,0,0,0,0,0,0,0,0,0,0,1,0,0,0,0,0,0,1,1,0.129905441901988,0.410573159701056,0.735648056021002,0.79401646339415,-0.293216431473038
2022,"SE","FT","Data Scientist",230000,"USD",230000,"US",100,"US","M",12.3458345879053,"Data_Scientist",3,2,"US","US",0,1,0,0,0,0,0,0,0,0,0,0,0,0,0,1,0,0,0,0,0,0,1,1,1.65175008025165,1.23377728149424,0.735648056021002,0.79401646339415,-0.293216431473038
2022,"EN","PT","Data Scientist",100000,"USD",100000,"DZ",50,"DZ","M",11.5129254649702,"Data_Scientist",1,2,"Other","Other",0,1,0,0,0,0,0,0,1,0,0,0,0,0,0,0,0,0,0,0,0,0,0,1,-0.146793583252496,0.179877301286861,-0.486825919425663,-1.71223661938627,-0.293216431473038
2022,"MI","FL","Data Scientist",100000,"USD",100000,"CA",100,"US","M",11.5129254649702,"Data_Scientist",2,2,"US","CA",0,1,0,0,0,0,0,1,0,0,0,0,0,0,0,1,1,0,0,0,0,0,0,0,-0.146793583252496,0.179877301286861,0.735648056021002,-0.459110077996058,-0.293216431473038
2022,"EN","CT","Applied Machine Learning Scientist",29000,"EUR",31875,"TN",100,"CZ","M",10.3695772824607,"ML_AI_Engineer",1,2,"Other","Other",0,0,0,1,0,0,1,0,0,0,0,0,0,0,0,0,0,0,0,0,0,0,0,0,-1.08929963768496,-1.26682870028829,0.735648056021002,-1.71223661938627,-0.293216431473038
2022,"SE","FT","Head of Data",200000,"USD",200000,"MY",100,"US","M",12.2060726455302,"Management_Lead",3,2,"US","Other",0,0,1,0,0,0,0,0,0,0,0,0,0,0,0,1,0,0,0,0,0,0,0,0,1.23670154251993,1.05693312857649,0.735648056021002,0.79401646339415,-0.293216431473038
2022,"MI","FT","Principal Data Analyst",75000,"USD",75000,"CA",100,"CA","S",11.2252433925184,"Data_Analyst",2,1,"CA","CA",0,0,0,0,0,0,0,0,0,1,0,0,0,0,0,0,1,0,0,0,0,0,0,1,-0.492667364695602,-0.184133755999367,0.735648056021002,-0.459110077996058,-1.78571448356553
2022,"MI","FT","Data Scientist",150000,"PLN",35590,"PL",100,"PL","L",10.4798199785042,"Data_Scientist",2,3,"Other","Other",0,1,0,0,0,0,0,0,0,0,0,0,0,0,0,0,0,0,0,0,0,0,0,1,-1.03790279376251,-1.12733596094977,0.735648056021002,-0.459110077996058,1.19928162061945
2022,"SE","FT","Machine Learning Developer",100000,"CAD",78791,"CA",100,"CA","M",11.2745540561252,"ML_AI_Engineer",3,2,"CA","CA",0,0,0,1,0,0,0,0,0,1,0,0,0,0,0,0,1,0,0,0,0,0,0,1,-0.440219064477569,-0.12173978531501,0.735648056021002,0.79401646339415,-0.293216431473038
2022,"SE","FT","Data Scientist",100000,"USD",100000,"BR",100,"US","M",11.5129254649702,"Data_Scientist",3,2,"US","Other",0,1,0,0,0,0,0,0,0,0,0,0,0,0,0,1,0,0,0,0,0,0,0,0,-0.146793583252496,0.179877301286861,0.735648056021002,0.79401646339415,-0.293216431473038
2022,"MI","FT","Machine Learning Scientist",153000,"USD",153000,"US",50,"US","M",11.9381932003746,"ML_AI_Engineer",2,2,"US","US",0,0,0,1,0,0,0,0,0,0,0,0,0,0,0,1,0,0,0,0,0,0,1,1,0.586458833406887,0.717978812705168,-0.486825919425663,-0.459110077996058,-0.293216431473038
2022,"EN","FT","Data Engineer",52800,"EUR",58035,"PK",100,"DE","M",10.9688015558027,"Data_Engineer",1,2,"DE","Other",1,0,0,0,0,0,0,0,0,0,1,0,0,0,0,0,0,0,0,0,0,0,0,0,-0.727377312782893,-0.508615790349834,0.735648056021002,-1.71223661938627,-0.293216431473038
2022,"SE","FT","Data Scientist",165000,"USD",165000,"US",100,"US","M",12.0137007528827,"Data_Scientist",3,2,"US","US",0,1,0,0,0,0,0,0,0,0,0,0,0,0,0,1,0,0,0,0,0,0,1,1,0.752478248499578,0.813520338068005,0.735648056021002,0.79401646339415,-0.293216431473038
2022,"SE","FT","Research Scientist",85000,"EUR",93427,"FR",50,"FR","L",11.4449356616707,"Research",3,3,"FR","FR",0,0,0,0,0,1,0,0,0,0,0,0,1,0,0,0,0,0,0,1,0,0,0,1,-0.237730717869518,0.0938481651199214,-0.486825919425663,0.79401646339415,1.19928162061945
2022,"EN","FT","Data Scientist",66500,"CAD",52396,"CA",100,"CA","L",10.8665855315175,"Data_Scientist",1,3,"CA","CA",0,1,0,0,0,0,0,0,0,1,0,0,0,0,0,0,1,0,0,0,0,0,0,1,-0.8053926029252,-0.637952188529045,0.735648056021002,-1.71223661938627,1.19928162061945
2022,"SE","FT","Machine Learning Engineer",57000,"EUR",62651,"NL",100,"NL","L",11.0453349218888,"ML_AI_Engineer",3,3,"Other","Other",0,0,0,1,0,0,0,0,0,0,0,0,0,0,0,0,0,0,0,0,0,0,0,1,-0.663515177777238,-0.411776278352353,0.735648056021002,0.79401646339415,1.19928162061945
2022,"MI","FT","Head of Data",30000,"EUR",32974,"EE",100,"EE","S",10.4034746511211,"Management_Lead",2,1,"Other","Other",0,0,1,0,0,0,0,0,0,0,0,0,0,0,0,0,0,0,0,0,0,0,0,1,-1.07409502625272,-1.22393754304609,0.735648056021002,-0.459110077996058,-1.78571448356553
2022,"EN","FT","Data Scientist",40000,"USD",40000,"JP",100,"MY","L",10.5966347330961,"Data_Scientist",1,3,"Other","Other",0,1,0,0,0,0,0,0,0,0,0,0,0,0,0,0,0,0,0,0,0,0,0,0,-0.97689065871595,-0.979527437591984,0.735648056021002,-1.71223661938627,1.19928162061945
2022,"MI","FT","Machine Learning Engineer",121000,"AUD",87425,"AU",100,"AU","L",11.3785365619316,"ML_AI_Engineer",2,3,"Other","Other",0,0,0,1,0,0,0,0,0,0,0,0,0,0,0,0,0,0,0,0,0,0,0,1,-0.320768095318379,0.0098317844921528,0.735648056021002,-0.459110077996058,1.19928162061945
2022,"SE","FT","Data Engineer",115000,"USD",115000,"US",100,"US","M",11.6526874073454,"Data_Engineer",3,2,"US","US",1,0,0,0,0,0,0,0,0,0,0,0,0,0,0,1,0,0,0,0,0,0,1,1,0.0607306856133668,0.356721454204612,0.735648056021002,0.79401646339415,-0.293216431473038
2022,"EN","FT","Data Scientist",120000,"AUD",86703,"AU",50,"AU","M",11.3702437642461,"Data_Scientist",1,2,"Other","Other",0,1,0,0,0,0,0,0,0,0,0,0,0,0,0,0,0,0,0,0,0,0,0,1,-0.330756930126455,-0.000661292214426968,-0.486825919425663,-1.71223661938627,-0.293216431473038
2022,"MI","FT","Applied Machine Learning Scientist",75000,"USD",75000,"BO",100,"US","L",11.2252433925184,"ML_AI_Engineer",2,3,"US","Other",0,0,0,1,0,0,0,0,0,0,0,0,0,0,0,1,0,0,0,0,0,0,0,0,-0.492667364695602,-0.184133755999367,0.735648056021002,-0.459110077996058,1.19928162061945
2022,"MI","FT","Research Scientist",59000,"EUR",64849,"AT",0,"AT","L",11.0798167694252,"Research",2,3,"Other","Other",0,0,0,0,0,1,0,0,0,0,0,0,0,0,0,0,0,0,0,0,0,0,0,1,-0.63310595491276,-0.368145565906633,-1.70929989487233,-0.459110077996058,1.19928162061945
2022,"EN","FT","Research Scientist",120000,"USD",120000,"US",100,"US","L",11.6952470217642,"Research",1,3,"US","US",0,0,0,0,0,1,0,0,0,0,0,0,0,0,0,1,0,0,0,0,0,0,1,1,0.129905441901988,0.410573159701056,0.735648056021002,-1.71223661938627,1.19928162061945
2022,"MI","FT","Applied Data Scientist",157000,"USD",157000,"US",100,"US","L",11.9640010843304,"Data_Scientist",2,3,"US","US",0,1,0,0,0,0,0,0,0,0,0,0,0,0,0,1,0,0,0,0,0,0,1,1,0.641798638437784,0.750634150053907,0.735648056021002,-0.459110077996058,1.19928162061945
2022,"EN","FT","Computer Vision Software Engineer",150000,"USD",150000,"AU",100,"AU","S",11.9183905730784,"ML_AI_Engineer",1,1,"Other","Other",0,0,0,1,0,0,0,0,0,0,0,0,0,0,0,0,0,0,0,0,0,0,0,1,0.544953979633715,0.692922071290266,0.735648056021002,-1.71223661938627,-1.78571448356553
2022,"MI","FT","Business Data Analyst",90000,"CAD",70912,"CA",50,"CA","L",11.1691949506669,"Data_Analyst",2,3,"CA","CA",0,0,0,0,0,0,0,0,0,1,0,0,0,0,0,0,1,0,0,0,0,0,0,1,-0.549224645437179,-0.255053199827576,-0.486825919425663,-0.459110077996058,1.19928162061945
2022,"EN","FT","Data Engineer",65000,"USD",65000,"US",100,"US","S",11.0821425488778,"Data_Engineer",1,1,"US","US",1,0,0,0,0,0,0,0,0,0,0,0,0,0,0,1,0,0,0,0,0,0,1,1,-0.631016877272844,-0.36520270113123,0.735648056021002,-1.71223661938627,-1.78571448356553
2022,"SE","FT","Machine Learning Engineer",65000,"EUR",71444,"IE",100,"IE","S",11.1766692050244,"ML_AI_Engineer",3,1,"Other","Other",0,0,0,1,0,0,0,0,0,0,0,0,0,0,0,0,0,0,0,0,0,0,0,1,-0.541864451368069,-0.245595845714743,0.735648056021002,0.79401646339415,-1.78571448356553
2022,"EN","FT","Data Analytics Engineer",20000,"USD",20000,"PK",0,"PK","M",9.90348755253613,"Other",1,2,"Other","Other",0,0,0,0,1,0,0,0,0,0,0,0,0,0,0,0,0,0,0,0,0,0,0,1,-1.25358968387043,-1.85658326488162,-1.70929989487233,-1.71223661938627,-0.293216431473038
2022,"MI","FT","Data Scientist",48000,"USD",48000,"RU",100,"US","S",10.77895628989,"Data_Scientist",2,1,"US","Other",0,1,0,0,0,0,0,0,0,0,0,0,0,0,0,1,0,0,0,0,0,0,0,0,-0.866211048654156,-0.748831579177789,0.735648056021002,-0.459110077996058,-1.78571448356553
2022,"SE","FT","Data Science Manager",152500,"USD",152500,"US",100,"US","M",11.9349198750296,"Management_Lead",3,2,"US","US",0,0,1,0,0,0,0,0,0,0,0,0,0,0,0,1,0,0,0,0,0,0,1,1,0.579541357778025,0.713836995283216,0.735648056021002,0.79401646339415,-0.293216431473038
2022,"MI","FT","Data Engineer",62000,"EUR",68147,"FR",100,"FR","M",11.1294224156128,"Data_Engineer",2,2,"FR","FR",1,0,0,0,0,0,0,0,0,0,0,0,1,0,0,0,0,0,0,1,0,0,0,1,-0.587478285664786,-0.305378346655813,0.735648056021002,-0.459110077996058,-0.293216431473038
2022,"MI","FT","Data Scientist",115000,"CHF",122346,"CH",0,"CH","L",11.7146083752428,"Data_Scientist",2,3,"Other","Other",0,1,0,0,0,0,0,0,0,0,0,0,0,0,0,0,0,0,0,0,0,0,0,1,0.162362237552609,0.435071546723159,-1.70929989487233,-0.459110077996058,1.19928162061945
2022,"SE","FT","Applied Data Scientist",380000,"USD",380000,"US",100,"US","L",12.8479265317026,"Data_Scientist",3,3,"US","US",0,1,0,0,0,0,0,0,0,0,0,0,0,0,0,1,0,0,0,0,0,0,1,1,3.72699276891028,1.86908631468804,0.735648056021002,0.79401646339415,1.19928162061945
2022,"MI","FT","Data Scientist",88000,"CAD",69336,"CA",100,"CA","M",11.1467195308142,"Data_Scientist",2,2,"CA","CA",0,1,0,0,0,0,0,0,0,1,0,0,0,0,0,0,1,0,0,0,0,0,0,1,-0.571028528619352,-0.283491890058827,0.735648056021002,-0.459110077996058,-0.293216431473038
2022,"EN","FT","Computer Vision Engineer",10000,"USD",10000,"PT",100,"LU","M",9.21034037197618,"ML_AI_Engineer",1,2,"Other","Other",0,0,0,1,0,0,0,0,0,0,0,0,0,0,0,0,0,0,0,0,0,0,0,0,-1.39193919644768,-2.73363909217125,0.735648056021002,-1.71223661938627,-0.293216431473038
2022,"MI","FT","Data Analyst",20000,"USD",20000,"GR",100,"GR","S",9.90348755253613,"Data_Analyst",2,1,"Other","Other",0,0,0,0,0,0,0,0,0,0,0,0,0,0,0,0,0,0,0,0,0,0,0,1,-1.25358968387043,-1.85658326488162,0.735648056021002,-0.459110077996058,-1.78571448356553
2022,"SE","FT","Data Analytics Lead",405000,"USD",405000,"US",100,"US","L",12.9116423460887,"Management_Lead",3,3,"US","US",0,0,1,0,0,0,0,0,0,0,0,0,0,0,0,1,0,0,0,0,0,0,1,1,4.07286655035339,1.94970746971127,0.735648056021002,0.79401646339415,1.19928162061945
2022,"MI","FT","Data Scientist",135000,"USD",135000,"US",100,"US","L",11.8130300574206,"Data_Scientist",2,3,"US","US",0,1,0,0,0,0,0,0,0,0,0,0,0,0,0,1,0,0,0,0,0,0,1,1,0.337429710767851,0.559606872418236,0.735648056021002,-0.459110077996058,1.19928162061945
2022,"SE","FT","Applied Data Scientist",177000,"USD",177000,"US",100,"US","L",12.083905011556,"Data_Scientist",3,3,"US","US",0,1,0,0,0,0,0,0,0,0,0,0,0,0,0,1,0,0,0,0,0,0,1,1,0.918497663592268,0.902351477971338,0.735648056021002,0.79401646339415,1.19928162061945
2022,"MI","FT","Data Scientist",78000,"USD",78000,"US",100,"US","M",11.2644641056717,"Data_Scientist",2,2,"US","US",0,1,0,0,0,0,0,0,0,0,0,0,0,0,0,1,0,0,0,0,0,0,1,1,-0.451162510922429,-0.134506842717035,0.735648056021002,-0.459110077996058,-0.293216431473038
2022,"SE","FT","Data Analyst",100000,"USD",100000,"US",100,"US","M",11.5129254649702,"Data_Analyst",3,2,"US","US",0,0,0,0,0,0,0,0,0,0,0,0,0,0,0,1,0,0,0,0,0,0,1,1,-0.146793583252496,0.179877301286861,0.735648056021002,0.79401646339415,-0.293216431473038
2022,"MI","FT","Data Analyst",85000,"USD",85000,"CA",0,"CA","M",11.3504065354725,"Data_Analyst",2,2,"CA","CA",0,0,0,0,0,0,0,0,0,1,0,0,0,0,0,0,1,0,0,0,0,0,0,1,-0.35431785211836,-0.0257618157124323,-1.70929989487233,-0.459110077996058,-0.293216431473038
2022,"MI","FT","Data Analyst",75000,"USD",75000,"CA",0,"CA","M",11.2252433925184,"Data_Analyst",2,2,"CA","CA",0,0,0,0,0,0,0,0,0,1,0,0,0,0,0,0,1,0,0,0,0,0,0,1,-0.492667364695602,-0.184133755999367,-1.70929989487233,-0.459110077996058,-0.293216431473038
2022,"SE","FT","Machine Learning Engineer",214000,"USD",214000,"US",100,"US","M",12.273731294004,"ML_AI_Engineer",3,2,"US","US",0,0,0,1,0,0,0,0,0,0,0,0,0,0,0,1,0,0,0,0,0,0,1,1,1.43039086012806,1.14254324656408,0.735648056021002,0.79401646339415,-0.293216431473038
2022,"SE","FT","Machine Learning Engineer",192600,"USD",192600,"US",100,"US","M",12.1683707783462,"ML_AI_Engineer",3,2,"US","US",0,0,0,1,0,0,0,0,0,0,0,0,0,0,0,1,0,0,0,0,0,0,1,1,1.13432290321277,1.00922804769205,0.735648056021002,0.79401646339415,-0.293216431473038
2022,"SE","FT","Data Architect",266400,"USD",266400,"US",100,"US","M",12.4927542176484,"Data_Engineer",3,2,"US","US",1,0,0,0,0,0,0,0,0,0,0,0,0,0,0,1,0,0,0,0,0,0,1,1,2.15534230603281,1.41967822868597,0.735648056021002,0.79401646339415,-0.293216431473038
2022,"SE","FT","Data Architect",213120,"USD",213120,"US",100,"US","M",12.2696106663342,"Data_Engineer",3,2,"US","US",1,0,0,0,0,0,0,0,0,0,0,0,0,0,0,1,0,0,0,0,0,0,1,1,1.41821610302127,1.13732931709676,0.735648056021002,0.79401646339415,-0.293216431473038
2022,"MI","FT","Data Scientist",141300,"USD",141300,"US",0,"US","M",11.8586405686726,"Data_Scientist",2,2,"US","US",0,1,0,0,0,0,0,0,0,0,0,0,0,0,0,1,0,0,0,0,0,0,1,1,0.424589903691514,0.617318951181877,-1.70929989487233,-0.459110077996058,-0.293216431473038
2022,"MI","FT","Data Scientist",102100,"USD",102100,"US",0,"US","M",11.5337080041528,"Data_Scientist",2,2,"US","US",0,1,0,0,0,0,0,0,0,0,0,0,0,0,0,1,0,0,0,0,0,0,1,1,-0.117740185611276,0.206173948820198,-1.70929989487233,-0.459110077996058,-0.293216431473038
2022,"SE","FT","Data Analyst",115934,"USD",115934,"US",100,"US","M",11.660776342649,"Data_Analyst",3,2,"US","US",0,0,0,0,0,0,0,0,0,0,0,0,0,0,0,1,0,0,0,0,0,0,1,1,0.0736525300880812,0.366956578927812,0.735648056021002,0.79401646339415,-0.293216431473038
2022,"SE","FT","Data Analyst",81666,"USD",81666,"US",100,"US","M",11.3103930375601,"Data_Analyst",3,2,"US","US",0,0,0,0,0,0,0,0,0,0,0,0,0,0,0,1,0,0,0,0,0,0,1,1,-0.400443579611612,-0.0763918586506376,0.735648056021002,0.79401646339415,-0.293216431473038
2022,"MI","FT","Data Engineer",206699,"USD",206699,"US",0,"US","M",12.2390189077288,"Data_Engineer",2,2,"US","US",1,0,0,0,0,0,0,0,0,0,0,0,0,0,0,1,0,0,0,0,0,0,1,1,1.32938188099542,1.09862082789797,-1.70929989487233,-0.459110077996058,-0.293216431473038
2022,"MI","FT","Data Engineer",99100,"USD",99100,"US",0,"US","M",11.5038847203181,"Data_Engineer",2,2,"US","US",1,0,0,0,0,0,0,0,0,0,0,0,0,0,0,1,0,0,0,0,0,0,1,1,-0.159245039384448,0.16843782926333,-1.70929989487233,-0.459110077996058,-0.293216431473038
2022,"SE","FT","Data Engineer",130000,"USD",130000,"US",100,"US","M",11.7752897294377,"Data_Engineer",3,2,"US","US",1,0,0,0,0,0,0,0,0,0,0,0,0,0,0,1,0,0,0,0,0,0,1,1,0.26825495447923,0.511853126158403,0.735648056021002,0.79401646339415,-0.293216431473038
2022,"SE","FT","Data Engineer",110500,"USD",110500,"US",100,"US","M",11.6127707999399,"Data_Engineer",3,2,"US","US",1,0,0,0,0,0,0,0,0,0,0,0,0,0,0,1,0,0,0,0,0,0,1,1,-0.00152659504639216,0.30621400915911,0.735648056021002,0.79401646339415,-0.293216431473038
2022,"SE","FT","Data Analyst",99050,"USD",99050,"US",100,"US","M",11.5033800521267,"Data_Analyst",3,2,"US","US",0,0,0,0,0,0,0,0,0,0,0,0,0,0,0,1,0,0,0,0,0,0,1,1,-0.159936786947334,0.167799260441998,0.735648056021002,0.79401646339415,-0.293216431473038
2022,"SE","FT","Data Engineer",160000,"USD",160000,"US",100,"US","M",11.982929094216,"Data_Engineer",3,2,"US","US",1,0,0,0,0,0,0,0,0,0,0,0,0,0,0,1,0,0,0,0,0,0,1,1,0.683303492210957,0.774584216987281,0.735648056021002,0.79401646339415,-0.293216431473038
2022,"SE","FT","Data Scientist",205300,"USD",205300,"US",0,"US","L",12.232227603007,"Data_Scientist",3,3,"US","US",0,1,0,0,0,0,0,0,0,0,0,0,0,0,0,1,0,0,0,0,0,0,1,1,1.31002678418586,1.09002762641324,-1.70929989487233,0.79401646339415,1.19928162061945
2022,"SE","FT","Data Scientist",176000,"USD",176000,"US",100,"US","M",12.0782392740203,"Data_Scientist",3,2,"US","US",0,1,0,0,0,0,0,0,0,0,0,0,0,0,0,1,0,0,0,0,0,0,1,1,0.904662712334544,0.895182483765021,0.735648056021002,0.79401646339415,-0.293216431473038
2022,"SE","FT","Data Scientist",144000,"USD",144000,"US",100,"US","M",11.8775685785581,"Data_Scientist",3,2,"US","US",0,1,0,0,0,0,0,0,0,0,0,0,0,0,0,1,0,0,0,0,0,0,1,1,0.461944272087369,0.641269018115251,0.735648056021002,0.79401646339415,-0.293216431473038
2022,"SE","FT","Data Engineer",200100,"USD",200100,"US",100,"US","M",12.2065725205718,"Data_Engineer",3,2,"US","US",1,0,0,0,0,0,0,0,0,0,0,0,0,0,0,1,0,0,0,0,0,0,1,1,1.2380850376457,1.05756563250999,0.735648056021002,0.79401646339415,-0.293216431473038
2022,"SE","FT","Data Engineer",145000,"USD",145000,"US",100,"US","M",11.8844890214027,"Data_Engineer",3,2,"US","US",1,0,0,0,0,0,0,0,0,0,0,0,0,0,0,1,0,0,0,0,0,0,1,1,0.475779223345093,0.650025621178044,0.735648056021002,0.79401646339415,-0.293216431473038
2022,"SE","FT","Data Engineer",70500,"USD",70500,"US",0,"US","M",11.1633679888004,"Data_Engineer",3,2,"US","US",1,0,0,0,0,0,0,0,0,0,0,0,0,0,0,1,0,0,0,0,0,0,1,1,-0.554924645355361,-0.262426195064051,-1.70929989487233,0.79401646339415,-0.293216431473038
2022,"SE","FT","Data Scientist",205300,"USD",205300,"US",0,"US","M",12.232227603007,"Data_Scientist",3,2,"US","US",0,1,0,0,0,0,0,0,0,0,0,0,0,0,0,1,0,0,0,0,0,0,1,1,1.31002678418586,1.09002762641324,-1.70929989487233,0.79401646339415,-0.293216431473038
2022,"SE","FT","Data Scientist",140400,"USD",140400,"US",0,"US","M",11.8522507705738,"Data_Scientist",3,2,"US","US",0,1,0,0,0,0,0,0,0,0,0,0,0,0,0,1,0,0,0,0,0,0,1,1,0.412138447559562,0.609233785700566,-1.70929989487233,0.79401646339415,-0.293216431473038
2022,"SE","FT","Analytics Engineer",205300,"USD",205300,"US",0,"US","M",12.232227603007,"Other",3,2,"US","US",0,0,0,0,1,0,0,0,0,0,0,0,0,0,0,1,0,0,0,0,0,0,1,1,1.31002678418586,1.09002762641324,-1.70929989487233,0.79401646339415,-0.293216431473038
2022,"SE","FT","Analytics Engineer",184700,"USD",184700,"US",0,"US","M",12.1264881661873,"Other",3,2,"US","US",0,0,0,0,1,0,0,0,0,0,0,0,0,0,0,1,0,0,0,0,0,0,1,1,1.02502678827674,0.956232969465891,-1.70929989487233,0.79401646339415,-0.293216431473038
2022,"SE","FT","Data Engineer",175100,"USD",175100,"US",100,"US","M",12.0731125182739,"Data_Engineer",3,2,"US","US",1,0,0,0,0,0,0,0,0,0,0,0,0,0,0,1,0,0,0,0,0,0,1,1,0.892211256202592,0.888695476202224,0.735648056021002,0.79401646339415,-0.293216431473038
2022,"SE","FT","Data Engineer",140250,"USD",140250,"US",100,"US","M",11.8511818233849,"Data_Engineer",3,2,"US","US",1,0,0,0,0,0,0,0,0,0,0,0,0,0,0,1,0,0,0,0,0,0,1,1,0.410063204870903,0.607881221068712,0.735648056021002,0.79401646339415,-0.293216431473038
2022,"SE","FT","Data Analyst",116150,"USD",116150,"US",100,"US","M",11.6626377381986,"Data_Analyst",3,2,"US","US",0,0,0,0,0,0,0,0,0,0,0,0,0,0,0,1,0,0,0,0,0,0,1,1,0.0766408795597497,0.3693118475626,0.735648056021002,0.79401646339415,-0.293216431473038
2022,"SE","FT","Data Engineer",54000,"USD",54000,"US",0,"US","M",10.8967393255464,"Data_Engineer",3,2,"US","US",1,0,0,0,0,0,0,0,0,0,0,0,0,0,0,1,0,0,0,0,0,0,1,1,-0.783201341107811,-0.599797866460609,-1.70929989487233,0.79401646339415,-0.293216431473038
2022,"MI","FT","Data Analyst",50000,"GBP",65438,"GB",0,"GB","M",11.0888584084624,"Data_Analyst",2,2,"GB","GB",0,0,0,0,0,0,0,0,0,0,0,0,0,1,0,0,0,0,0,0,1,0,0,1,-0.624957168621961,-0.356704962196192,-1.70929989487233,-0.459110077996058,-0.293216431473038
2022,"SE","FT","Data Analyst",80000,"USD",80000,"US",100,"US","M",11.289781913656,"Data_Analyst",3,2,"US","US",0,0,0,0,0,0,0,0,0,0,0,0,0,0,0,1,0,0,0,0,0,0,1,1,-0.423492608406981,-0.102471610302351,0.735648056021002,0.79401646339415,-0.293216431473038
2022,"SE","FT","Data Scientist",210000,"USD",210000,"US",100,"US","M",12.2548628096996,"Data_Scientist",3,2,"US","US",0,1,0,0,0,0,0,0,0,0,0,0,0,0,0,1,0,0,0,0,0,0,1,1,1.37505105509717,1.11866849878264,0.735648056021002,0.79401646339415,-0.293216431473038
2022,"SE","FT","Data Analyst",69000,"USD",69000,"US",100,"US","M",11.1418617835794,"Data_Analyst",3,2,"US","US",0,0,0,0,0,0,0,0,0,0,0,0,0,0,0,1,0,0,0,0,0,0,1,1,-0.575677072241947,-0.289638514670827,0.735648056021002,0.79401646339415,-0.293216431473038
2022,"SE","FT","Data Analyst",150075,"USD",150075,"US",100,"US","M",11.91889044812,"Data_Analyst",3,2,"US","US",0,0,0,0,0,0,0,0,0,0,0,0,0,0,0,1,0,0,0,0,0,0,1,1,0.545991600978044,0.693554575223763,0.735648056021002,0.79401646339415,-0.293216431473038
2022,"SE","FT","Data Engineer",25000,"USD",25000,"US",100,"US","M",10.1266311038503,"Data_Engineer",3,2,"US","US",1,0,0,0,0,0,0,0,0,0,0,0,0,0,0,1,0,0,0,0,0,0,1,1,-1.18441492758181,-1.5742343532924,0.735648056021002,0.79401646339415,-0.293216431473038
2022,"SE","FT","Data Analyst",126500,"USD",126500,"US",100,"US","M",11.7479975871497,"Data_Analyst",3,2,"US","US",0,0,0,0,0,0,0,0,0,0,0,0,0,0,0,1,0,0,0,0,0,0,1,1,0.219832625077195,0.47731972098235,0.735648056021002,0.79401646339415,-0.293216431473038
2022,"SE","FT","Data Analyst",106260,"USD",106260,"US",100,"US","M",11.5736442000049,"Data_Analyst",3,2,"US","US",0,0,0,0,0,0,0,0,0,0,0,0,0,0,0,1,0,0,0,0,0,0,1,1,-0.0601867883791428,0.256706179599291,0.735648056021002,0.79401646339415,-0.293216431473038
2022,"SE","FT","Data Engineer",220110,"USD",220110,"US",100,"US","M",12.3018827003761,"Data_Engineer",3,2,"US","US",1,0,0,0,0,0,0,0,0,0,0,0,0,0,0,1,0,0,0,0,0,0,1,1,1.51492241231276,1.17816389928773,0.735648056021002,0.79401646339415,-0.293216431473038
2022,"SE","FT","Data Engineer",160080,"USD",160080,"US",100,"US","M",11.9834289692576,"Data_Engineer",3,2,"US","US",1,0,0,0,0,0,0,0,0,0,0,0,0,0,0,1,0,0,0,0,0,0,1,1,0.684410288311575,0.775216720920779,0.735648056021002,0.79401646339415,-0.293216431473038
2022,"SE","FT","Data Analyst",105000,"USD",105000,"US",100,"US","M",11.5617156291397,"Data_Analyst",3,2,"US","US",0,0,0,0,0,0,0,0,0,0,0,0,0,0,0,1,0,0,0,0,0,0,1,1,-0.0776188269638754,0.241612671493012,0.735648056021002,0.79401646339415,-0.293216431473038
2022,"SE","FT","Data Analyst",110925,"USD",110925,"US",100,"US","M",11.6166095762471,"Data_Analyst",3,2,"US","US",0,0,0,0,0,0,0,0,0,0,0,0,0,0,0,1,0,0,0,0,0,0,1,1,0.00435325923814063,0.311071305306721,0.735648056021002,0.79401646339415,-0.293216431473038
2022,"MI","FT","Data Analyst",35000,"GBP",45807,"GB",0,"GB","M",10.7321921968516,"Data_Analyst",2,2,"GB","GB",0,0,0,0,0,0,0,0,0,0,0,0,0,1,0,0,0,0,0,0,1,0,0,1,-0.896551096762345,-0.808003312768505,-1.70929989487233,-0.459110077996058,-0.293216431473038
2022,"SE","FT","Data Analyst",60000,"USD",60000,"US",100,"US","M",11.0020998412042,"Data_Analyst",3,2,"US","US",0,0,0,0,0,0,0,0,0,0,0,0,0,0,0,1,0,0,0,0,0,0,1,1,-0.700191633561465,-0.466482667588577,0.735648056021002,0.79401646339415,-0.293216431473038
2022,"SE","FT","Data Architect",192564,"USD",192564,"US",100,"US","M",12.1681838449874,"Data_Engineer",3,2,"US","US",1,0,0,0,0,0,0,0,0,0,0,0,0,0,0,1,0,0,0,0,0,0,1,1,1.13382484496749,1.00899151640944,0.735648056021002,0.79401646339415,-0.293216431473038
2022,"SE","FT","Data Architect",144854,"USD",144854,"US",100,"US","M",11.8834816175901,"Data_Engineer",3,2,"US","US",1,0,0,0,0,0,0,0,0,0,0,0,0,0,0,1,0,0,0,0,0,0,1,1,0.473759320461466,0.648750928862981,0.735648056021002,0.79401646339415,-0.293216431473038
2022,"SE","FT","Data Scientist",150000,"USD",150000,"US",100,"US","M",11.9183905730784,"Data_Scientist",3,2,"US","US",0,1,0,0,0,0,0,0,0,0,0,0,0,0,0,1,0,0,0,0,0,0,1,1,0.544953979633715,0.692922071290266,0.735648056021002,0.79401646339415,-0.293216431473038
2022,"SE","FT","Data Analytics Manager",150260,"USD",150260,"US",100,"US","M",11.9201224059232,"Management_Lead",3,2,"US","US",0,0,1,0,0,0,0,0,0,0,0,0,0,0,0,1,0,0,0,0,0,0,1,1,0.548551066960723,0.695113401113119,0.735648056021002,0.79401646339415,-0.293216431473038
2022,"SE","FT","Data Analytics Manager",109280,"USD",109280,"US",100,"US","M",11.6016686748046,"Management_Lead",3,2,"US","US",0,0,1,0,0,0,0,0,0,0,0,0,0,0,0,1,0,0,0,0,0,0,1,1,-0.0184052355808157,0.29216622274617,0.735648056021002,0.79401646339415,-0.293216431473038
2022,"MI","FT","Data Scientist",160000,"USD",160000,"US",100,"US","M",11.982929094216,"Data_Scientist",2,2,"US","US",0,1,0,0,0,0,0,0,0,0,0,0,0,0,0,1,0,0,0,0,0,0,1,1,0.683303492210957,0.774584216987281,0.735648056021002,-0.459110077996058,-0.293216431473038
2022,"MI","FT","Data Scientist",130000,"USD",130000,"US",100,"US","M",11.7752897294377,"Data_Scientist",2,2,"US","US",0,1,0,0,0,0,0,0,0,0,0,0,0,0,0,1,0,0,0,0,0,0,1,1,0.26825495447923,0.511853126158403,0.735648056021002,-0.459110077996058,-0.293216431473038
2022,"EN","FT","Data Analyst",67000,"USD",67000,"CA",0,"CA","M",11.1124478983731,"Data_Analyst",1,2,"CA","CA",0,0,0,0,0,0,0,0,0,1,0,0,0,0,0,0,1,0,0,0,0,0,0,1,-0.603346974757396,-0.326856612279717,-1.70929989487233,-1.71223661938627,-0.293216431473038
2022,"EN","FT","Data Analyst",52000,"USD",52000,"CA",0,"CA","M",10.8589989975636,"Data_Analyst",1,2,"CA","CA",0,0,0,0,0,0,0,0,0,1,0,0,0,0,0,0,1,0,0,0,0,0,0,1,-0.810871243623259,-0.647551612720442,-1.70929989487233,-1.71223661938627,-0.293216431473038
2022,"SE","FT","Data Engineer",154000,"USD",154000,"US",100,"US","M",11.9447078813958,"Data_Engineer",3,2,"US","US",1,0,0,0,0,0,0,0,0,0,0,0,0,0,0,1,0,0,0,0,0,0,1,1,0.600293784664611,0.726221995556977,0.735648056021002,0.79401646339415,-0.293216431473038
2022,"SE","FT","Data Engineer",126000,"USD",126000,"US",100,"US","M",11.7440371859336,"Data_Engineer",3,2,"US","US",1,0,0,0,0,0,0,0,0,0,0,0,0,0,0,1,0,0,0,0,0,0,1,1,0.212915149448333,0.472308529907207,0.735648056021002,0.79401646339415,-0.293216431473038
2022,"SE","FT","Data Analyst",129000,"USD",129000,"US",0,"US","M",11.7675676833438,"Data_Analyst",3,2,"US","US",0,0,0,0,0,0,0,0,0,0,0,0,0,0,0,1,0,0,0,0,0,0,1,1,0.254420003221506,0.502082235191506,-1.70929989487233,0.79401646339415,-0.293216431473038
2022,"SE","FT","Data Analyst",150000,"USD",150000,"US",100,"US","M",11.9183905730784,"Data_Analyst",3,2,"US","US",0,0,0,0,0,0,0,0,0,0,0,0,0,0,0,1,0,0,0,0,0,0,1,1,0.544953979633715,0.692922071290266,0.735648056021002,0.79401646339415,-0.293216431473038
2022,"MI","FT","AI Scientist",200000,"USD",200000,"IN",100,"US","L",12.2060726455302,"ML_AI_Engineer",2,3,"US","IN",0,0,0,1,0,0,0,0,0,0,0,0,0,0,0,1,0,0,0,0,0,1,0,0,1.23670154251993,1.05693312857649,0.735648056021002,-0.459110077996058,1.19928162061945
